eol_page_id,taxonomy_id,genus,species
1015567,5772,Caladenia,catenata Sm.
107388,26826,Ansellia,
1081305,5789,Caladenia,cracens D.
1081316,5794,Caladenia,cruciformis D.
1081346,5805,Caladenia,dimorpha Fitzg.
1082081,5972,Caladenia,radialis R.
1082083,5973,Caladenia,radiata Nicholls
108344,609,Isotria,Raf.
1086370,23436,Calanthe,brevicornu
1086648,23464,Calanthe,fargesii
1086806,23481,Calanthe,henryi
1087190,23523,Calanthe,pauciverrucosa
1087220,23526,Calanthe,plantaginea
1087584,23553,Calanthe,tricarinata
1089283,6083,Calochilus,neocaledonicus Schltr.
1089289,16011,Calopogon,multiflorus
1089290,16012,Calopogon,oklahomensis
1089291,16013,Calopogon,pallidus
1089302,31581,Calypso,bulbosa
1089497,18280,Dendrobium,sutiknoi
1089533,24437,Campylocentrum,amazonicum
1089537,32524,Epidendrum,foulquieri
1089563,24455,Campylocentrum,fasciola
1089577,24463,Campylocentrum,hondurense
1089578,24464,Campylocentrum,huebneri
1089585,24479,Campylocentrum,micranthum
1089588,24481,Campylocentrum,minutum
1089608,24508,Campylocentrum,spannagelii
1089620,24510,Campylocentrum,tenue
1089696,6700,Microchilus,constrictus Ormerod
1089751,30870,Pescatoria,violacea
1090178,17352,Dendrobium,eymanum
1090477,27171,Catasetum,albovirens
1090479,27174,Catasetum,aripuanense
1090482,27177,Catasetum,barbatum
1090489,27188,Catasetum,brichtae
1090490,27190,Catasetum,callosum
1090500,27204,Catasetum,collare
1090507,27210,Catasetum,cristatum
1090514,27221,Catasetum,dupliciscutula
1090517,27225,Catasetum,ferox
1090527,27232,Catasetum,globiflorum
1090534,27239,Catasetum,incurvum
1090541,27245,Catasetum,juruenense
1090545,27250,Catasetum,kraenzlinianum
1090548,27254,Catasetum,lanceatum
1090550,27279,Catasetum,moorei
1090552,27256,Catasetum,lemosii
1090555,27260,Catasetum,longifolium
1090559,27265,Catasetum,macrocarpum
1090561,27267,Catasetum,maculatum
1090564,27271,Catasetum,matogrossense
1090565,27273,Catasetum,meeae
1090573,27280,Catasetum,multifidum
1090580,27288,Catasetum,ornithoides
1090586,27298,Catasetum,planiceps
1090590,27300,Catasetum,pulchrum
1090595,27305,Catasetum,quadridens
1090596,27307,Catasetum,randii
1090598,27310,Catasetum,reichenbachianum
1090599,27311,Catasetum,richteri
1090603,27316,Catasetum,rolfeanum
1090604,27317,Catasetum,rondonense
1090607,27319,Catasetum,saccatum
1090613,27327,Catasetum,semicirculatum
1090616,27332,Catasetum,stenoglossum
1090621,27339,Catasetum,tenebrosum
1090622,27340,Catasetum,tenuiglossum
1090641,7906,Cattleya,bicolor
1090666,7907,Cattleya,intermedia
1090675,7904,Cattleya,labiata
1090681,34336,Cattleya,luteola
1090710,34391,Cattleya,violacea
1090719,34257,Caularthron,bicornutum
1090733,15257,Cephalanthera,austiniae
1090768,24935,Ceratocentron,fesselii
1090893,22941,Ceratostylis,scariosa
1091064,7933,Aerangis,biloba
1091086,3120,Chamorchis,alpina L.
1091099,24573,Aerangis,monantha
1091106,31000,Chaubardia,klugii
1091118,24577,Aerangis,pallidiflora
1091119,30927,Cheiradenia,cuspidata
1091129,7158,Cheirostylis,divina Guinea
1091133,7167,Cheirostylis,griffithii Lindl.
1091146,7184,Cheirostylis,notialis D.
1091150,7187,Cheirostylis,orobanchoides F.
1091152,7189,Cheirostylis,parvifolia Lindl.
1091159,24582,Aerangis,seegeri
1091167,7205,Cheirostylis,yunnanensis Rolfe
1091205,24385,Aeranthes,africana
1091229,24388,Aeranthes,angustidens
1091236,24389,Aeranthes,antennophora
1091253,24399,Aeranthes,ecalcarata
1091326,24403,Aeranthes,leandriana
1091328,24404,Aeranthes,moratii
1091329,24405,Aeranthes,multinodis
1091372,24410,Aeranthes,parkesii
1091373,24411,Aeranthes,parvula
1091376,24412,Aeranthes,peyrotii
1091380,24413,Aeranthes,polyanthemus
1091393,24420,Aeranthes,setipes
1091398,24425,Aeranthes,tropophila
1091598,595,Cleistes,rosea Lindl.
1091634,31007,Aganisia,pulchella
1091768,16423,Coelogyne,fimbriata
1091769,16425,Coelogyne,flaccida
1091837,16621,Coelogyne,ovalis
1091849,16667,Coelogyne,prolifera
1091896,16821,Coelogyne,veitchii
1092003,31658,Corallorhiza,bentleyi
1092009,31665,Corallorhiza,mertensiana
1092011,31669,Corallorhiza,striata
1092014,31672,Corallorhiza,wisteriana
1092041,31323,Coryanthes,bicalcarata
1092043,31324,Coryanthes,boyi
1092049,31334,Coryanthes,feildingii
1092058,31351,Coryanthes,macrantha
1092061,31353,Coryanthes,maculata
1092062,31356,Coryanthes,mastersiana
1092078,31383,Coryanthes,vieirae
1092125,5440,Corybas,gastrosiphon Schltr.
1092134,5456,Corybas,insulifloris P.
1092213,1279,Corycium,flanaganii Bolus
1092224,16005,Corymborkis,minima
1092273,31437,Agrostophyllum,cyathiforme
1092282,7809,Cranichis,muscosa Sw.
1092295,7828,Cranichis,ricartii Ackerman
1092331,31473,Agrostophyllum,laterale
1092440,30568,Cryptarrhena,guatemalensis
1092442,30570,Cryptarrhena,lunata
1092518,24364,Cryptopus,brachiatus
1092519,24365,Cryptopus,dissectus
1092521,24367,Cryptopus,paniculatus
1092585,14676,Pelexia,goyazensis
1092590,14546,Cyclopogon,bicolor
1092598,14559,Cyclopogon,cranichoides
1092603,14565,Cyclopogon,elatus
1092622,14588,Cyclopogon,longibracteatus
1092633,14601,Cyclopogon,olivaceus
1092659,14630,Cyclopogon,werffii
1092676,27419,Cycnoches,haagii
1092680,27422,Cycnoches,loddigesii
1092709,26658,Cymbidium,chloranthum
1092715,26667,Cymbidium,eburneum
1092726,7924,Cymbidium,goeringii
1092736,26692,Cymbidium,macrorhizon
1092759,2748,Cynorkis,ambondrombensis Boiteau
1092766,2756,Cynorkis,anisoloba Summerh.
1092767,2758,Cynorkis,aphylla Schltr.
1092769,2760,Cynorkis,aurantiaca Ridl.
1092774,2768,Cynorkis,bimaculata Ridl.
1092786,2786,Cynorkis,catatii Bosser
1092797,2797,Cynorkis,cuneilabia Schltr.
1092814,2816,Cynorkis,formosa Bosser
1092819,2818,Cynorkis,gibbosa Ridl.
1092822,2821,Cynorkis,globifera H.
1092825,2857,Cynorkis,lindleyana Hermans
1092827,2824,Cynorkis,gymnochiloides Schltr.
1092829,2826,Cynorkis,henrici Schltr.
1092832,2831,Cynorkis,humbertii Bosser
1092849,2871,Cynorkis,monadenia H.
1092850,2873,Cynorkis,muscicola Bosser
1092865,2885,Cynorkis,peyrotii Bosser
1092866,2886,Cynorkis,pinguicularioides H.
1092869,2889,Cynorkis,pseudorolfei H.
1092879,2896,Cynorkis,rolfei Hochr.
1092881,2899,Cynorkis,rungweensis Schltr.
1092882,2900,Cynorkis,sacculata Schltr.
1092883,2901,Cynorkis,sagittata H.
1092884,2902,Cynorkis,sambiranoensis Schltr.
1092891,2911,Cynorkis,souegesii Bosser
1092895,2915,Cynorkis,stolonifera Schltr.
1092897,2918,Cynorkis,sylvatica Bosser
1092898,2919,Cynorkis,symoensii Geerinck
1092904,2927,Cynorkis,tristis Bosser
1092906,2930,Cynorkis,uncata Rolfe
1092909,2934,Cynorkis,usambarae Rolfe
1092914,2942,Cynorkis,zaratananae Schltr.
1092932,844,Cypripedium,acaule Aiton
1092935,845,Cypripedium,arietinum R.
1092936,846,Cypripedium,bardolphianum W.
1092937,847,Cypripedium,calceolus L.
1092938,848,Cypripedium,calcicola Schltr.
1092939,849,Cypripedium,californicum A.
1092940,850,Cypripedium,candidum Muhl.
1092943,852,Cypripedium,cordigerum D.
1092945,854,Cypripedium,dickinsonianum Hágsater
1092947,856,Cypripedium,fargesii Franch.
1092948,857,Cypripedium,farreri W.
1092950,859,Cypripedium,fasciolatum Franch.
1092951,860,Cypripedium,flavum P.
1092962,862,Cypripedium,forrestii P.
1092965,865,Cypripedium,guttatum Sw.
1092966,866,Cypripedium,henryi Rolfe
1092967,889,Cypripedium,shanxiense S.
1092968,891,Cypripedium,subtropicum S.
1092974,911,Cypripedium,yunnanense Franch.
1093049,27530,Cyrtopodium,brandonianum
1093051,27531,Cyrtopodium,cachimboense
1093112,27563,Cyrtopodium,parviflorum
1093146,4557,Dactylorhiza,aristata Fisch.
1093151,4567,Dactylorhiza,elata Poir.
1093152,4577,Dactylorhiza,euxina Nevski
1093522,14869,Degranvillea,dermaptera
1093834,16900,Dendrobium,acerosum
1093845,16913,Dendrobium,aduncum
1093887,17029,Dendrobium,bicameratum
1093889,17031,Dendrobium,bicaudatum
1093892,17037,Dendrobium,bifalce
1093893,7913,Dendrobium,bigibbum
1093966,17297,Dendrobium,discolor
1093986,17363,Dendrobium,farmeri
1094020,17507,Dendrobium,hornei
1094036,17536,Dendrobium,incurvum
1094046,17556,Dendrobium,isochiloides
1094047,17572,Dendrobium,johnsoniae
1094054,17787,Dendrobium,mooreanum
1094065,17823,Dendrobium,nebularum
1094072,17833,Dendrobium,nindii
1094075,17841,Dendrobium,nobile
1094086,17864,Dendrobium,ochreatum
1094093,17904,Dendrobium,palawense
1094117,17999,Dendrobium,poneroides
1094119,18006,Dendrobium,prasinum
1094136,18082,Dendrobium,rennellii
1094142,18136,Dendrobium,samoense
1094143,18154,Dendrobium,schuetzei
1094149,18166,Dendrobium,secundum
1094152,18173,Dendrobium,seranicum
1094165,18216,Dendrobium,spathulatum
1094181,18274,Dendrobium,sulcatum
1094186,18294,Dendrobium,taurinum
1094212,18413,Dendrobium,violaceoflavens
1094213,18416,Dendrobium,violascens
1094340,24789,Diaphananthe,acuta
1094344,24791,Diaphananthe,ceriflora
1094347,24793,Diaphananthe,dorotheae
1094519,1299,Disa,aequiloba Summerh.
1094534,1319,Disa,bodkinii Bolus
1094609,4673,Dactylorhiza,sambucina L.
1094630,1384,Disa,katangensis De
1094659,1410,Disa,nyikensis H.
1094700,1474,Disa,thodei Schltr.
1094751,1498,Disa,zimbabweensis H.
1094757,1162,Disperis,ankarensis H.
1094760,1169,Disperis,bifida P.
1094761,1170,Disperis,bodkinii Bolus
1094765,1177,Disperis,cardiophora Harv.
1094767,1181,Disperis,concinna Schltr.
1094768,1182,Disperis,cooperi Harv.
1094769,1183,Disperis,cordata Sw.
1094771,1185,Disperis,cucullata Sw.
1094772,1186,Disperis,decipiens Verdc.
1094773,1187,Disperis,dicerochila Summerh.
1094774,1188,Disperis,discifera H.
1094776,1191,Disperis,egregia Summerh.
1094777,1192,Disperis,elaphoceras Verdc.
1094778,1193,Disperis,erucifera H.
1094779,1195,Disperis,fanniniae Harv.
1094784,1200,Disperis,kamerunensis Schltr.
1094788,1205,Disperis,lanceana H.
1094789,1207,Disperis,latigaleata H.
1094792,1210,Disperis,macowanii Bolus
1094793,1211,Disperis,majungensis Schltr.
1094795,1214,Disperis,micrantha Lindl.
1094796,1215,Disperis,mildbraedii Schltr.
1094797,1216,Disperis,mozambicensis Schltr.
1094799,1219,Disperis,nemorosa Rendle
1094800,1220,Disperis,nitida Summerh.
1094801,1221,Disperis,oppositifolia Sm.
1094802,1223,Disperis,oxyglossa Bolus
1094803,1224,Disperis,paludosa Harv.
1094805,1226,Disperis,perrieri Schltr.
1094807,1229,Disperis,pusilla Verdc.
1094808,1230,Disperis,raiilabris Summerh.
1094810,1233,Disperis,renibractea Schltr.
1094814,1238,Disperis,thomensis Summerh.
1094815,1239,Disperis,thorncroftii Schltr.
1094816,1240,Disperis,togoensis Schltr.
1094818,1243,Disperis,tripetaloides Thouars
1094819,1244,Disperis,tysonii Bolus
1094826,1249,Disperis,woodii Bolus
1094923,24765,Cyrtorchis,henriquesiana
1094942,7952,Dracula,vampira
1094996,25186,Dryadorchis,barbellata
1094998,25189,Dryadorchis,minor
1095002,25638,Drymoanthus,minimus
1095016,546,Duckeella,pauciflora Garay
1095019,877,Cypripedium,micranthum Franch.
1095020,876,Cypripedium,margaritaceum Franch.
1095021,874,Cypripedium,macranthos Sw.
1095022,873,Cypripedium,ludlowii P.
1095024,871,Cypripedium,lentiginosum P.
1095025,870,Cypripedium,kentuckiense C.
1095027,868,Cypripedium,irapeanum Lex.
1095037,895,Cypripedium,tibeticum King
1095038,893,Cypripedium,taibaiense G.
1095089,28843,Cyrtochilum,halteratum
1095471,24659,Eggelingia,ligulifolia
1095474,27566,Cyrtopodium,punctatum
1096168,33924,Encyclia,argentinensis
1096556,33971,Encyclia,granitica
1096802,32884,Epidendrum,magnicallosum
1096876,34025,Encyclia,pachyantha
1096941,34036,Encyclia,phoenicea
1097480,31957,Epidendrum,amblostomoides
1097559,32368,Epidendrum,cyclopterum
1097562,33408,Epidendrum,rigidum
1097702,33311,Epidendrum,prostratum
1097717,32773,Epidendrum,laeve
1097758,33373,Epidendrum,ramosum
1097775,33426,Epidendrum,rondoniense
1097787,33365,Epidendrum,radicans
1097791,33361,Epidendrum,quinquecallosum
1097797,33522,Epidendrum,smaragdinum
1097812,31964,Epidendrum,amphistomum
1097914,32417,Epidendrum,diothonaeoides
1098144,33749,Epidendrum,viviparum
1098309,15209,Epipactis,helleborine
1098322,15207,Epipactis,gigantea
1098335,15214,Epipactis,muelleri
1098340,15216,Epipactis,palustris
1098343,15219,Epipactis,phyllanthes
1098348,15221,Epipactis,purpurata
1098438,32006,Epidendrum,apaganum
1098460,32299,Epidendrum,compressum
1098554,15211,Epipactis,leptochila
1098611,32706,Epidendrum,insulanum
1098628,32238,Epidendrum,chioneum
1098629,22188,Eria,javanica
1098721,27535,Cyrtopodium,cristatum
1098773,26898,Eulophia,coddii
1098800,26952,Eulophia,graminea
1098801,26953,Eulophia,grandidieri
1098803,26956,Eulophia,herbacea
1098830,27050,Eulophia,ramosa
1098841,27014,Eulophia,nuda
1098952,7097,Eurycentrum,obscurum Blume
1099018,30978,Galeottia,jorisiana
1099020,30980,Galeottia,negrensis
1099059,24747,Ancistrorhynchus,tenuicaulis
1099081,15733,Gastrodia,africana
1099135,18295,Dendrobium,taurulinum
1099258,31142,Gongora,nigrita
1099305,24128,Angraecum,dendrobiopsis
1099310,24130,Angraecum,distichum
1099320,24133,Angraecum,doratophyllum
1099326,4819,Gymnadenia,crassinervis Finet
1099330,4832,Gymnadenia,orchidis Lindl.
1099334,24140,Angraecum,eichlerianum
1099337,24144,Angraecum,equitans
1099356,1847,Habenaria,alata Hook.
1099389,1966,Habenaria,christianii Schltr.
1099396,1975,Habenaria,coeloglossoides Summerh.
1099410,18043,Dendrobium,puniceum
1099411,18040,Dendrobium,punamense
1099422,2033,Habenaria,digitata Lindl.
1099427,2040,Habenaria,distans Griseb.
1099433,2053,Habenaria,dusenii Schltr.
1099435,24161,Angraecum,humbertii
1099440,2117,Habenaria,glazioviana Kraenzl.
1099448,2137,Habenaria,hamata Barb.
1099456,2185,Habenaria,insularis Schltr.
1099458,2191,Habenaria,isoantha Schltr.
1099465,2196,Habenaria,jacobii Summerh.
1099467,2198,Habenaria,jaguariahyvae Kraenzl.
1099489,2288,Habenaria,longipedicellata Hoehne
1099490,2332,Habenaria,marginata Colebr.
1099526,24188,Angraecum,mahavavense
1099555,2444,Habenaria,petalodes Lindl.
1099562,2450,Habenaria,phantasma la
1099581,2538,Habenaria,rodeiensis Barb.
1099587,2541,Habenaria,roraimensis Rolfe
1099598,24197,Angraecum,moratii
1099606,2577,Habenaria,secundiflora Barb.
1099608,2578,Habenaria,setacea Lindl.
1099613,2595,Habenaria,spathulifera Cogn.
1099619,2599,Habenaria,sprucei Cogn.
1099626,2620,Habenaria,supplicans Summerh.
1099627,24203,Angraecum,obesum
1099666,2696,Habenaria,villosa Rolfe
1099694,24231,Angraecum,pseudodidieri
1099695,24232,Angraecum,pseudofilicornu
1099703,24264,Angraecum,sterrophyllum
1099704,24268,Angraecum,subulatum
1099706,24271,Angraecum,tenellum
1099710,24277,Angraecum,triangulifolium
1099711,24276,Angraecum,teretifolium
1099718,24285,Angraecum,viguieri
1099730,15083,Helonoma,bifida
1099731,4904,Hemipilia,flabellata Bureau
1099733,4914,Hemipilia,henryi Rolfe
1099757,1642,Herminium,ophioglossoides Schltr.
1099851,3005,Holothrix,filicornis Immelman
1099870,3030,Holothrix,socotrana Rolfe
1099919,17982,Dendrobium,plicatile
1099932,18127,Dendrobium,ruttenii
1099939,18132,Dendrobium,salaccense
1099951,18022,Dendrobium,pseudoconanthum
1099969,17990,Dendrobium,poissonianum
1099992,17664,Dendrobium,leptocladum
1099993,17663,Dendrobium,leporinum
1099998,17657,Dendrobium,laxiflorum
1100002,17653,Dendrobium,laurensii
1100013,17642,Dendrobium,lancifolium
1100024,17629,Dendrobium,laevifolium
1100059,17584,Dendrobium,kanakorum
1100077,31092,Gongora,atropurpurea
1100084,7050,Gonatostylis,bougainvillei N.
1100102,17804,Dendrobium,muricatum
1100111,17829,Dendrobium,ngoyense
1100125,17872,Dendrobium,okabeanum
1100133,18254,Dendrobium,subacaule
1100135,18252,Dendrobium,stuposum
1100141,18246,Dendrobium,strepsiceros
1100182,17283,Dendrobium,devonianum
1100188,17276,Dendrobium,densiflorum
1100199,18219,Dendrobium,spectabile
1100241,18407,Dendrobium,vexillarius
1100245,18414,Dendrobium,violaceominiatum
1100250,18386,Dendrobium,vandifolium
1100260,18372,Dendrobium,undatialatum
1100272,18350,Dendrobium,trilamellatum
1100304,17199,Dendrobium,crassifolium
1100306,17197,Dendrobium,crassicaule
1100322,17173,Dendrobium,conanthum
1100336,17154,Dendrobium,cleistogamum
1100343,17146,Dendrobium,chrysotoxum
1100396,17769,Dendrobium,mirbelianum
1100398,17767,Dendrobium,minutiflorum
1100403,17760,Dendrobium,militare
1100413,17749,Dendrobium,melinanthum
1100429,17725,Dendrobium,magistratus
1100437,17714,Dendrobium,macranthum
1100448,17696,Dendrobium,longicornu
1100459,17681,Dendrobium,litorale
1100498,539,Duckeella,adolphii Porto
1100530,31541,Earina,floripecten
1100602,24154,Angraecum,gabonense
1100605,4813,Gymnadenia,conopsea L.
1100628,27027,Eulophia,parilamellata
1100639,2697,Habenaria,virens A.
1100643,24223,Angraecum,pinifolium
1100661,24191,Angraecum,melanostictum
1100691,2601,Habenaria,stenochila Lindl.
1100727,2124,Habenaria,goyazensis Cogn.
1100737,24736,Ancistrorhynchus,laxiflorus
1100738,24740,Ancistrorhynchus,parviflorus
1100739,24743,Ancistrorhynchus,refractus
1100766,7083,Herpysma,longicaulis Lindl.
1100820,27054,Eulophia,reticulata
1100822,1923,Habenaria,bosseriana Szlach.
1100880,1247,Disperis,virginalis Schltr.
1100935,33825,Dimerandra,emarginata
1100936,33823,Dimerandra,carnosiflora
1101016,15857,Didymoplexis,africana
1101046,30686,Dichaea,tenuis
1101060,30671,Dichaea,rodriguesii
1101065,30665,Dichaea,rendlei
1101066,30664,Dichaea,pumila
1101071,30658,Dichaea,pendula
1101072,30657,Dichaea,panamensis
1101092,30638,Dichaea,latifolia
1101104,30625,Dichaea,graminoides
1101117,30602,Dichaea,cornuta
1101118,30601,Dichaea,cogniauxiana
1101149,24815,Diaphananthe,trigonopetala
1101152,24810,Diaphananthe,sarcorhynchoides
1101163,24524,Dendrophylax,lindenii
1101166,24519,Dendrophylax,fawcettii
1101202,32898,Epidendrum,mantinianum
1101206,32888,Epidendrum,magnoliae
1101223,32868,Epidendrum,macrocarpum
1101237,32842,Epidendrum,longicolle
1101295,32956,Epidendrum,microphyllum
1101306,32203,Epidendrum,carpophorum
1101316,32399,Epidendrum,densiflorum
1101345,631,Epistephium,parviflorum Lindl.
1101352,625,Epistephium,hernandii Garay
1101354,621,Epistephium,ellipticum R.
1101356,619,Epistephium,duckei Huber
1101380,32261,Epidendrum,ciliare
1101437,32648,Epidendrum,hombersleyi
1101486,32565,Epidendrum,gentryi
1101488,32561,Epidendrum,geminiflorum
1101513,32514,Epidendrum,flexuosum
1101581,33309,Epidendrum,proligerum
1101607,33547,Epidendrum,spruceanum
1101623,33197,Epidendrum,patens
1101752,33028,Epidendrum,myrmecophorum
1101756,33024,Epidendrum,mutelianum
1101766,33004,Epidendrum,montserratense
1101862,26877,Eulophia,bracteosa
1101895,821,Erythrorchis,altissima Blume
1101915,6914,Erythrodes,blumei Lindl.
1101932,29669,Eriopsis,biloba
1102008,7857,Altensteinia,longispicata C.
1104318,33112,Epidendrum,orchidiflorum
1105621,33956,Encyclia,diurna
1105635,7890,Eltroplectris,calcarata Sw.
1105667,15417,Elleanthus,linifolius
1105740,34039,Encyclia,plicata
1110520,15373,Elleanthus,cordidactylus
1110528,33998,Encyclia,kingsii
1110969,32725,Epidendrum,jamaicense
1110974,34063,Encyclia,tampensis
1110996,15452,Elleanthus,sphaerocephalus
1111183,26917,Eulophia,ecristata
1111263,861,Cypripedium,formosanum Hayata
1111701,27527,Cyrtopodium,andersonii
1111718,4614,Dactylorhiza,lapponica Laest.
1111946,37105,Dracula,ripleyana
1111978,909,Cypripedium,yatabeanum Makino
1111979,898,Cypripedium,wumengense S.
1111981,897,Cypripedium,wardii Rolfe
1111982,27871,Dunstervillea,mirabilis
1111995,888,Cypripedium,segawae Masam.
1111998,886,Cypripedium,plectrochilum Franch.
1111999,885,Cypripedium,passerinum Richardson
1112000,881,Cypripedium,parviflorum Salisb.
1112001,880,Cypripedium,palangshanense Tang
1112002,879,Cypripedium,montanum Douglas
1112003,878,Cypripedium,molle Lindl.
1112008,22449,Pinalia,fitzalanii
1112092,2369,Habenaria,mossii G.
1112129,18434,Dendrobium,whistleri
1112138,18420,Dendrobium,virotii
1112143,17099,Dendrobium,canaliculatum
1112157,2029,Habenaria,depressifolia Hoehne
1112159,2027,Habenaria,dentifera C.
1112163,2022,Habenaria,delavayi Finet
1112223,17392,Dendrobium,fractiflexum
1112243,4828,Gymnadenia,odoratissima L.
1112252,23609,Gastrorchis,tuberculosa
1112288,24083,Angraecum,bicallosum
1112291,24080,Angraecum,bancoense
1112292,26837,Graphorkis,medemiae
1112325,24074,Angraecum,arachnites
1112333,24071,Angraecum,aporoides
1112334,24070,Angraecum,ankeranense
1112343,24061,Angraecum,alleizettei
1112379,7007,Goodyera,repens L.
1112383,7002,Goodyera,pubescens Willd.
1112391,6997,Goodyera,oblongifolia Raf.
1112393,24909,Angraecopsis,tridens
1112400,6984,Goodyera,macrophylla Lowe
1112406,24907,Angraecopsis,tenerrima
1112427,24904,Angraecopsis,parva
1112453,26969,Eulophia,katangensis
1112456,16962,Dendrobium,aphyllum
1112461,16957,Dendrobium,antennatum
1112462,16956,Dendrobium,anosmum
1112482,2154,Habenaria,hexaptera Lindl.
1112503,24122,Angraecum,danguyanum
1112513,17383,Dendrobium,flexicaule
1112520,17371,Dendrobium,finetianum
1112522,4905,Hemipilia,forrestii Rolfe
1112609,2323,Habenaria,maitlandii Summerh.
1112610,2322,Habenaria,mairei Schltr.
1112621,2311,Habenaria,macrostele Summerh.
1112641,2284,Habenaria,longicauda Hook.
1112649,2278,Habenaria,lisowskii Szlach.
1112653,2273,Habenaria,linguiformis Summerh.
1112663,24178,Angraecum,letouzeyi
1112664,2263,Habenaria,lewallei Geerinck
1112668,2257,Habenaria,leucoceras Schltr.
1112669,2256,Habenaria,letouzeyana Szlach.
1112679,2245,Habenaria,lehmanniana Kraenzl.
1112704,17899,Dendrobium,pachystele
1112783,16171,Glomera,latipetala
1112803,15761,Gastrodia,elata
1112854,24891,Angraecopsis,cryptantha
1112874,18142,Dendrobium,sarcochilus
1112879,18138,Dendrobium,sanderae
1112880,18137,Dendrobium,sancristobalense
1112883,2654,Habenaria,trifida Kunth
1112886,2652,Habenaria,tridactylites Lindl.
1112909,2226,Habenaria,kornasiana Szlach.
1112915,2207,Habenaria,juruenensis Hoehne
1112938,24201,Angraecum,musculiferum
1112945,2579,Habenaria,seticauda Lindl.
1112946,2574,Habenaria,schwackei Barb.
1112948,2572,Habenaria,schomburgkii Lindl.
1112953,2569,Habenaria,schenckii Cogn.
1112983,1906,Habenaria,batesii la
1112998,1889,Habenaria,avicula Schltr.
1113007,1878,Habenaria,aricaensis Hoehne
1113017,1865,Habenaria,angustissima Summerh.
1113029,1856,Habenaria,amambayensis Schltr.
1113032,1853,Habenaria,alterosula Snuv.
1113035,1849,Habenaria,alinae Szlach.
1113043,2532,Habenaria,richardsiae Summerh.
1113052,2523,Habenaria,repens Nutt.
1113065,17106,Dendrobium,capra
1113071,2479,Habenaria,prionocraspedon Summerh.
1113088,2463,Habenaria,pleiophylla Hoehne
1113099,2451,Habenaria,phylacocheira Summerh.
1113102,17954,Dendrobium,petiolatum
1113108,17945,Dendrobium,pentapterum
1113115,17936,Dendrobium,pectinatum
1113116,24058,Hederorkis,seychellensis
1113118,7926,Angraecum,sesquipedale
1113119,24257,Angraecum,serpens
1113123,24251,Angraecum,sambiranoense
1113128,24246,Angraecum,rubellum
1113130,24243,Angraecum,rigidifolium
1113137,24237,Angraecum,pyriforme
1113139,24235,Angraecum,pungens
1113144,24230,Angraecum,protensum
1113149,24228,Angraecum,potamophilum
1113156,2428,Habenaria,parviflora Lindl.
1113161,24225,Angraecum,podochiloides
1113163,24221,Angraecum,peyrotii
1113166,24218,Angraecum,perhumile
1113167,24216,Angraecum,penzigianum
1113168,7053,Halleorchis,aspidogynoides Szlach.
1113173,24211,Angraecum,panicifolium
1113206,16198,Glomera,oligantha
1113217,2123,Habenaria,gourlieana Gillies
1113247,2398,Habenaria,obtusa Lindl.
1113251,2394,Habenaria,nuda Lindl.
1113254,29293,Gomesa,sessilis
1113273,25458,Holcoglossum,quasipinifolium
1113284,2408,Habenaria,orchiocalcar Hoehne
1113291,3125,Himantoglossum,adriaticum H.
1113323,18118,Dendrobium,ruginosum
1113324,18117,Dendrobium,ruckeri
1113452,24112,Angraecum,coutrixii
1113455,24108,Angraecum,cornucopiae
1113463,24101,Angraecum,clavigerum
1113474,26936,Eulophia,fernandeziana
1113518,2104,Habenaria,furcifera Lindl.
1113521,2100,Habenaria,fordii Rolfe
1113535,2085,Habenaria,fargesii Finet
1113536,24164,Angraecum,huntleyoides
1113544,2078,Habenaria,excelsa S.
1113563,2060,Habenaria,egregia Summerh.
1113677,25128,Gastrochilus,nanus
1113718,1950,Habenaria,carinata Span.
1113731,4553,Galearis,spectabilis L.
1113755,27128,Galeandra,baueri
1113799,4827,Gymnadenia,frivaldii Hampe
1113817,33480,Epidendrum,schlechterianum
1116148,18830,Bulbophyllum,ciliatilabrum
1116227,18816,Bulbophyllum,chloranthum
1116237,18811,Bulbophyllum,cheiropetalum
1116258,6814,Microchilus,paleaceus Schltr.
1116292,18802,Bulbophyllum,ceriodorum
1116430,18775,Bulbophyllum,cardiobulbum
1116433,18770,Bulbophyllum,capituliflorum
1116443,18756,Bulbophyllum,calyptropus
1116449,18749,Bulbophyllum,callosum
1116459,18738,Bulbophyllum,burttii
1116461,18736,Bulbophyllum,bulliferum
1116639,18691,Bulbophyllum,boiteaui
1116851,18652,Bulbophyllum,baronii
1116877,18639,Bulbophyllum,baladeanum
1116890,18628,Bulbophyllum,auriflorum
1117033,18610,Bulbophyllum,aspersum
1117125,18576,Bulbophyllum,aphanopetalum
1117154,18559,Bulbophyllum,anjozorobeense
1117217,18547,Bulbophyllum,analamazoatrae
1117237,18540,Bulbophyllum,amoenum
1117269,18537,Bulbophyllum,amblyacron
1117408,18507,Bulbophyllum,affine
1117437,18497,Bulbophyllum,adangense
1117477,18484,Bulbophyllum,abbrevilabium
1118277,34511,Broughtonia,domingensis
1118475,23799,Bromheadia,finlaysoniana
1118557,7905,Cattleya,aurantiaca
1120031,29106,Brassia,villosa
1120033,29105,Brassia,verrucosa
1120123,29084,Brassia,lanceana
1120153,29079,Brassia,iguapoana
1120154,29078,Brassia,huebneri
1120246,29057,Brassia,chloroleuca
1120253,29055,Brassia,caudata
1120271,29050,Brassia,bidens
1120298,29045,Brassia,arachnoidea
1120314,29044,Brassia,angustilabia
1120398,34592,Brassavola,nodosa
1120398,7931,Brassavola,nodosa
1120489,34588,Brassavola,fasciculata
1120568,37008,Dracula,antonii
1120572,5567,Diuris,byronensis D.
1120579,1212,Disperis,masoalensis P.
1120580,1206,Disperis,lanceolata Bosser
1120582,1178,Disperis,ciliata Bosser
1121091,31032,Braemia,vittata
1121279,26768,Devogelia,intonsa
1121376,890,Cypripedium,sichuanense Perner
1121481,3082,Brachycorythis,wightii Summerh.
1121711,34695,Brachionidium,tuberculatum
1121731,34689,Brachionidium,sherringii
1121758,34679,Brachionidium,pteroglossum
1121768,34675,Brachionidium,phalangiferum
1121776,34671,Brachionidium,parvifolium
1121793,34665,Brachionidium,meridense
1121851,34638,Brachionidium,dressleri
1121876,34627,Brachionidium,ciliolatum
1121884,34623,Brachionidium,brevicaudatum
1122563,31330,Coryanthes,dasilvae
1124627,31738,Bletia,purpurea
1124826,31715,Bletia,ensifolia
1125460,5999,Caladenia,splendens Hopper
1125482,5920,Caladenia,mesocera Hopper
1125516,5813,Caladenia,dundasiae Hopper
1125522,5776,Caladenia,citrina Hopper
1125527,5752,Caladenia,brownii Hopper
1125751,6304,Bipinnula,polysyka Kraenzl.
1125817,20380,Bulbophyllum,subpatulum
1125860,18617,Bulbophyllum,atrosanguineum
1126188,30546,Bifrenaria,venezuelana
1126239,30529,Bifrenaria,longicornis
1126494,35611,Anathallis,funerea
1127347,35355,Acianthera,tokachii
1127513,25659,Acampe,joiceyana
1127536,30365,Lycaste,macrobulbon
1127605,7264,Zeuxine,parvifolia Ridl.
1127606,7277,Zeuxine,strateumatica L.
1127631,7251,Zeuxine,membranacea Lindl.
1127647,7236,Zeuxine,goodyeroides Lindl.
1127667,7210,Zeuxine,amboinensis J.
1127720,15727,Xerorchis,trichorhiza
1127721,15726,Xerorchis,amazonica
1127786,15730,Wullschlaegelia,calcarata
1127929,799,Vanilla,trigonocarpa Hoehne
1127932,796,Vanilla,sprucei Rolfe
1127942,689,Vanilla,appendiculata Rolfe
1127943,741,Vanilla,hostmannii Rolfe
1127955,769,Vanilla,penicillata Garay
1127957,766,Vanilla,palmarum Salzm.
1127971,737,Vanilla,hartii Rolfe
1127977,744,Vanilla,inodora Schiede
1127982,739,Vanilla,helleri A.
1127997,723,Vanilla,dilloniana Correll
1128008,709,Vanilla,chamissonis Klotzsch
1128015,698,Vanilla,bicolor Lindl.
1128038,7964,Vanda,tricolor
1128045,25417,Vanda,spathulata
1128048,25409,Vanda,punctata
1128052,25396,Vanda,lombokensis
1128061,25385,Vanda,insignis
1128062,25384,Vanda,hindsii
1128108,15840,Uleiorchis,ulei
1128206,15991,Tropidia,saprophytica
1128210,15987,Tropidia,polystachya
1128228,29443,Trizeuxis,falcata
1128254,15696,Triphora,yucatanensis
1128257,15691,Triphora,surinamensis
1128268,15675,Triphora,craigheadii
1128270,15673,Triphora,amazonica
1128285,24708,Tridactyle,virgula
1128298,24697,Tridactyle,stevartiana
1128301,24695,Tridactyle,phaeocephala
1128306,24686,Tridactyle,minuta
1128316,24675,Tridactyle,flabellata
1128320,24668,Tridactyle,cruciformis
1128323,24665,Tridactyle,brevifolia
1128342,22685,Trichotosia,rotundifolia
1128343,22683,Trichotosia,pulvinata
1128445,35462,Trichosalpinx,orbicularis
1128473,35456,Trichosalpinx,egleri
1128485,35452,Trichosalpinx,cryptantha
1128488,35451,Trichosalpinx,ciliaris
1128518,27609,Trichopilia,marginata
1128532,25813,Trichoglottis,winkleri
1128545,25801,Trichoglottis,smithii
1128616,27739,Trichocentrum,recurvum
1128650,27696,Trichocentrum,fuscum
1128670,24914,Triceratorhynchus,viridiflorus
1128699,29137,Tolumnia,variegata
1128713,29119,Tolumnia,guibertiana
1128725,31583,Tipularia,discolor
1128736,1703,Benthamia,rostrata Schltr.
1128737,1702,Benthamia,procera Schltr.
1128738,1701,Benthamia,praecox Schltr.
1128739,1700,Benthamia,perularioides Schltr.
1128744,1695,Benthamia,monophylla Schltr.
1128751,1687,Benthamia,humbertii H.
1128753,1682,Benthamia,glaberrima Ridl.
1128755,1678,Benthamia,elata Schltr.
1128757,1677,Benthamia,dauphinensis Rolfe
1128953,6185,Thelymitra,papuana J.
1128992,6131,Thelymitra,cyanea Lindl.
1129063,33853,Tetramicra,canaliculata
1129107,28126,Telipogon,peruvianus
1129184,27975,Telipogon,biolleyi
1129356,26493,Taeniophyllum,gracillimum
1129435,30985,Batemannia,colleyi
1129558,3136,Himantoglossum,metlesicsianum W.
1129639,34968,Barbosella,orbicularis
1129643,34965,Barbosella,geminata
1129689,15964,Stereosandra,javanica
1129794,39628,Stelis,tristyla
1129812,39583,Stelis,tenuilabris
1129848,39463,Stelis,santiagoensis
1129873,39389,Stelis,pygmaea
1129895,39308,Stelis,perpusilliflora
1129901,39288,Stelis,pauciflora
1129908,39272,Stelis,paraensis
1129923,39229,Stelis,ophioglossoides
1129975,39112,Stelis,maxima
1129996,39058,Stelis,lindleyana
1130014,38615,Stelis,ciliaris
1130018,38978,Stelis,itatiayae
1130033,38917,Stelis,guianensis
1130063,38830,Stelis,filiformis
1130134,38568,Stelis,calotricha
1130167,38476,Stelis,argentata
1130258,31224,Stanhopea,candida
1130267,31168,Acineta,alticola
1130273,14953,Spiranthes,tuberosa
1130276,14945,Spiranthes,sinensis
1130278,14944,Spiranthes,romanzoffiana
1130281,14941,Spiranthes,porrifolia
1130283,14939,Spiranthes,ovalis
1130284,14938,Spiranthes,odorata
1130285,14937,Spiranthes,ochroleuca
1130287,14932,Spiranthes,magnicamporum
1130288,14931,Spiranthes,lucida
1130289,14930,Spiranthes,longilabris
1130290,14929,Spiranthes,laciniata
1130291,14928,Spiranthes,lacera
1130294,14926,Spiranthes,infernalis
1130300,14920,Spiranthes,delitescens
1130302,14919,Spiranthes,cernua
1130306,14918,Spiranthes,brevilabris
1130319,38088,Specklinia,grobyi
1130333,23647,Spathoglottis,plicata
1130426,7910,Laelia,purpurata
1130503,29320,Solenidium,racemosum
1130504,29318,Solenidium,lunatum
1130519,15668,Sobralia,yauaperyensis
1130526,15659,Sobralia,violacea
1130527,15657,Sobralia,valida
1130532,15646,Sobralia,stenophylla
1130551,15609,Sobralia,pumila
1130566,15582,Sobralia,margaritae
1130568,15580,Sobralia,malmiana
1130577,15567,Sobralia,liliastrum
1130597,15537,Sobralia,fragrans
1130606,15638,Sobralia,sessilis
1130626,15490,Sobralia,augusta
1130634,24351,Sobennikoffia,poissoniana
1130656,14524,Skeptrostachys,arechavaletanii
1130754,4066,Serapias,nurrica Corrias
1130779,841,Selenipedium,steyermarkii Foldats
1130781,838,Selenipedium,isabelianum Barb.
1131150,31849,Scaphyglottis,sickii
1131154,31846,Scaphyglottis,reflexa
1131158,31840,Scaphyglottis,prolifera
1131180,31815,Scaphyglottis,fusiformis
1131191,31793,Scaphyglottis,boliviensis
1131319,1531,Satyrium,ecalcaratum Schltr.
1131374,14796,Sarcoglottis,veyretiae
1131397,14759,Sarcoglottis,herzogii
1131399,14757,Sarcoglottis,grandiflora
1131409,14746,Sarcoglottis,amazonica
1131412,14743,Sarcoglottis,acaulis
1131419,26336,Sarcochilus,rarus
1131424,26331,Sarcochilus,koghiensis
1131432,26324,Sarcochilus,falcatus
1131572,29405,Rodriguezia,negrensis
1131574,29404,Rodriguezia,luteola
1131580,29397,Rodriguezia,huebneri
1131594,29382,Rodriguezia,carnea
1131647,23004,Ridleyella,paniculata
1131748,24866,Rhipidoglossum,tanneri
1131755,24858,Rhipidoglossum,polydactylum
1131759,24852,Rhipidoglossum,ovale
1131762,24850,Rhipidoglossum,obanense
1131767,24844,Rhipidoglossum,melianthum
1131773,24836,Rhipidoglossum,globulosocalcaratum
1131779,24824,Rhipidoglossum,brevifolium
1131917,35041,Restrepia,trichoglossa
1131968,25858,Renanthera,isosepala
1132117,29659,Quekettia,papillosa
1132118,29658,Quekettia,microscopica
1132195,6586,Pterostylis,squamata R.
1132196,6585,Pterostylis,splendens D.
1132220,6536,Pterostylis,praetermissa M.
1132236,6494,Pterostylis,mutica R.
1132253,6448,Pterostylis,hispidula Fitzg.
1132267,6412,Pterostylis,erecta T.
1132293,6363,Pterostylis,bureaviana Schltr.
1132319,6311,Pterostylis,acuminata R.
1132380,27581,Psychopsis,papilio
1132388,34250,Psychilis,olivacea
1132389,34249,Psychilis,monensis
1132390,34248,Psychilis,macconnelliae
1132391,34247,Psychilis,krugii
1132392,34246,Psychilis,kraenzlinii
1132402,15716,Psilochilus,modestus
1132404,15713,Psilochilus,macrophyllus
1132407,29039,Aspasia,variegata
1132490,34230,Prosthechea,vespa
1132511,34202,Prosthechea,pygmaea
1132552,34147,Prosthechea,fragrans
1132559,7942,Prosthechea,cochleata
1132559,34136,Prosthechea,cochleata
1132567,34126,Prosthechea,calamaria
1132573,34118,Prosthechea,boothiana
1132583,34107,Prosthechea,aemula
1132681,7547,Prescottia,stachyodes Sw.
1132690,7540,Prescottia,oligantha Sw.
1132767,5028,Prasophyllum,giganteum Lindl.
1132776,5019,Prasophyllum,favonium D.
1132927,7703,Ponthieva,ventricosa Griseb.
1132978,7639,Ponthieva,brittoniae Ames
1133014,25834,Pomatocalpa,spicatum
1133039,24053,Polystachya,xerophila
1133040,24051,Polystachya,woosnamii
1133044,24046,Polystachya,virginea
1133048,24043,Polystachya,victoriae
1133053,24038,Polystachya,tsinjoarivensis
1133055,24036,Polystachya,troupiniana
1133056,24035,Polystachya,tridentata
1133060,24033,Polystachya,testuana
1133062,24031,Polystachya,tenella
1133063,24030,Polystachya,teitensis
1133068,24025,Polystachya,subdiphylla
1133075,24019,Polystachya,stauroglossa
1133081,24012,Polystachya,setifera
1133083,24010,Polystachya,serpentina
1133086,24006,Polystachya,ruwenzoriensis
1133088,24005,Polystachya,rugosilabia
1133097,23996,Polystachya,retusiloba
1133102,23990,Polystachya,pudorina
1133106,23986,Polystachya,proterantha
1133107,23984,Polystachya,praecipitis
1133110,23981,Polystachya,poikilantha
1133118,23973,Polystachya,parviflora
1133121,23969,Polystachya,pachychila
1133128,23963,Polystachya,nyanzensis
1133137,23950,Polystachya,mildbraedii
1133151,23938,Polystachya,lukwangulensis
1133152,23937,Polystachya,longiscapa
1133158,23929,Polystachya,leonardiana
1133164,23924,Polystachya,laurentii
1133169,23918,Polystachya,kermesina
1133172,23913,Polystachya,isochiloides
1133174,23910,Polystachya,holstii
1133180,23903,Polystachya,hastata
1133183,23900,Polystachya,gracilenta
1133187,23896,Polystachya,geniculata
1133196,23889,Polystachya,fallax
1133198,23887,Polystachya,expansa
1133201,23886,Polystachya,eurygnatha
1133209,23873,Polystachya,disticha
1133210,23872,Polystachya,disiformis
1133211,23871,Polystachya,dewanckeliana
1133216,23865,Polystachya,cribbiana
1133221,23862,Polystachya,cooperi
1133226,23856,Polystachya,caudata
1133229,23853,Polystachya,canaliculata
1133237,23846,Polystachya,brugeana
1133244,23838,Polystachya,bicalcarata
1133261,23818,Polystachya,acuminata
1133265,29553,Polyotidium,huebneri
1133269,31206,Polycycnis,surinamensis
1133329,21974,Podochilus,microphyllus
1133351,21951,Podochilus,cultratus
1133403,23674,Plocoglottis,copelandii
1133405,23672,Plocoglottis,borneensis
1133486,40243,Pleurothallis,suspensa
1133557,40186,Pleurothallis,ruscifolia
1133567,40179,Pleurothallis,rowleei
1133599,40144,Pleurothallis,pruinosa
1133680,35653,Anathallis,nanifolia
1133770,35630,Anathallis,kleinii
1133799,35624,Anathallis,humilis
1133805,39972,Pleurothallis,hitchcockii
1133889,39896,Pleurothallis,discoidea
1134017,39789,Pleurothallis,bivalvis
11340537,17721,Dendrobium,macrostachyum
1134118,16032,Pleione,forrestii
1134120,7958,Pleione,formosana
1134120,16031,Pleione,formosana
1134125,16028,Pleione,chunii
1134140,29339,Plectrophora,cultrifolia
1134141,29338,Plectrophora,calcarhamata
1134243,38330,Platystele,minimiflora
1134265,38300,Platystele,edmundoi
1134305,2966,Platycoryne,mediocris Summerh.
1134320,4540,Platanthera,zothecina L.
1134334,4483,Platanthera,sparsiflora S.
1134352,4473,Platanthera,psycodes L.
1134354,4472,Platanthera,praeclara Sheviak
1134360,4464,Platanthera,oreophila W.
1134362,4461,Platanthera,orbiculata Pursh
1134370,4457,Platanthera,obtusata Banks
1134371,4455,Platanthera,nivea Nutt.
1134386,4431,Platanthera,leucophaea Nutt.
1134390,4427,Platanthera,lacera Michx.
1134398,4413,Platanthera,hyperborea L.
1134400,4412,Platanthera,huronensis Nutt.
1134401,4411,Platanthera,hookeri Torr.
1134409,4401,Platanthera,grandiflora Bigelow
1134416,4395,Platanthera,flava L.
1134417,4469,Platanthera,peramoena A.
1134418,4394,Platanthera,finetiana Schltr.
1134427,4379,Platanthera,deflexilabella K.
1134431,4376,Platanthera,cristata Michx.
1134435,4370,Platanthera,clavellata Michx.
1134436,4369,Platanthera,ciliaris L.
1134440,4366,Platanthera,chapmanii Small
1134450,4356,Platanthera,blephariglottis Willd.
1134459,4348,Platanthera,aquilonis Sheviak
1134492,4536,Platanthera,yadonii Rand.
1134854,23237,Phreatia,plantaginifolia
11349032,26668,Cymbidium,elegans
1134964,23123,Phreatia,constricta
1134997,23090,Phreatia,alpina
1135002,939,Phragmipedium,vittatum Vell.
1135011,930,Phragmipedium,lindenii Lindl.
1135018,920,Phragmipedium,caricinum Lindl.
1135520,25548,Phalaenopsis,violacea
1135526,7916,Phalaenopsis,stuartiana
1135544,25519,Phalaenopsis,micholitzii
1135553,25507,Phalaenopsis,lindenii
1135586,7915,Phalaenopsis,amabilis
1135623,23382,Phaius,flavus
1135627,23378,Phaius,corymbioides
1135715,1752,Peristylus,goodyeroides D.
1135731,1742,Peristylus,constrictus Lindl.
1135755,31404,Peristeria,pendula
1135761,31397,Peristeria,cerina
1135788,14726,Pelexia,sceptrum
1135829,14675,Pelexia,goninensis
1135842,14658,Pelexia,callifera
1135917,7139,Papuaea,reticulata Schltr.
1135930,1098,Paphiopedilum,wilhelminae L.
1135931,1097,Paphiopedilum,wentworthianum Schoser
1135932,1095,Paphiopedilum,wardii Summerh.
1135933,1092,Paphiopedilum,violascens Schltr.
1135934,1086,Paphiopedilum,villosum Lindl.
1135935,1085,Paphiopedilum,vietnamense O.
1135938,1077,Paphiopedilum,venustum Wall.
1135940,1075,Paphiopedilum,urbanianum Fowlie
1135941,1073,Paphiopedilum,tranlienianum O.
1135943,1070,Paphiopedilum,tigrinum Koop.
1135946,1064,Paphiopedilum,sukhakulii Schoser
1135947,1063,Paphiopedilum,sugiyamanum Cavestro
1135953,1057,Paphiopedilum,schoseri Braem
1135954,1055,Paphiopedilum,sangii Braem
1135957,1047,Paphiopedilum,randsii Fowlie
1135958,1045,Paphiopedilum,purpuratum Lindl.
1135959,1043,Paphiopedilum,primulinum M.
1135968,1036,Paphiopedilum,ooii Koop.
1135970,1031,Paphiopedilum,micranthum Tang
1135973,1027,Paphiopedilum,malipoense S.
1135974,1023,Paphiopedilum,lowii Lindl.
1135976,1022,Paphiopedilum,liemianum Fowlie
1135978,1020,Paphiopedilum,kolopakingii Fowlie
1135980,1018,Paphiopedilum,javanicum Reinw.
1135981,1016,Paphiopedilum,intaniae Cavestro
1135982,1015,Paphiopedilum,insigne Wall.
1135984,1010,Paphiopedilum,hirsutissimum Lindl.
1135986,1009,Paphiopedilum,henryanum Braem
1135987,1008,Paphiopedilum,hennisianum M.
1135988,1007,Paphiopedilum,helenae Aver.
1135990,1005,Paphiopedilum,hangianum Perner
1135993,998,Paphiopedilum,godefroyae God.-Leb.
1135994,997,Paphiopedilum,glaucophyllum J.
1135995,996,Paphiopedilum,glanduliferum Blume
1135998,994,Paphiopedilum,fowliei Birk
1136000,993,Paphiopedilum,fairrieanum Lindl.
1136001,992,Paphiopedilum,exul Ridl.
1136003,991,Paphiopedilum,emersonii Koop.
1136004,990,Paphiopedilum,druryi Bedd.
1136006,988,Paphiopedilum,dianthum Tang
1136007,987,Paphiopedilum,delenatii Guillaumin
1136012,979,Paphiopedilum,charlesworthii Rolfe
1136019,965,Paphiopedilum,barbatum Lindl.
1136020,964,Paphiopedilum,armeniacum S.
1136023,961,Paphiopedilum,appletonianum Gower
1136025,959,Paphiopedilum,adductum Asher
1136026,958,Paphiopedilum,acmodontum M.
1136038,31037,Paphinia,grandiflora
1136039,16016,Arethusa,bulbosa
1136041,31035,Paphinia,cristata
1136072,15323,Palmorchis,trilobulata
1136074,15321,Palmorchis,sobralioides
1136077,15316,Palmorchis,puber
1136078,15315,Palmorchis,prospectorum
1136082,15311,Palmorchis,pabstii
1136087,15298,Palmorchis,duckei
1136131,6643,Pachyplectron,neocaledonicum Schltr.
11362017,1096,Paphiopedilum,wenshanense Z.
1136263,27830,Ornithocephalus,gladiatus
1136276,27817,Ornithocephalus,ciliatus
1136283,27808,Ornithocephalus,bicornis
1136288,31766,Orleanesia,yauaperyensis
1136293,31763,Orleanesia,maculata
1136295,31762,Orleanesia,cuneipetala
1136296,31761,Orleanesia,amazonica
1136300,21677,Orestias,micrantha
1136358,4242,Orchis,brancifortii Biv.
1136478,3430,Ophrys,lunulata Parl.
1136487,3424,Ophrys,kotschyi H.
1136493,3416,Ophrys,insectifera L.
1136540,3219,Ophrys,bertolonii Moretti
1136551,25656,Acampe,carinata
1136640,28346,Oncidium,baueri
1136750,28405,Oncidium,ensatum
11367612,24651,Beclardia,grandiflora
1136826,28323,Oncidium,altissimum
1136990,34860,Octomeria,yauaperyensis
1137001,34845,Octomeria,taracuana
1137007,34836,Octomeria,setigera
1137012,34831,Octomeria,sarthouae
1137021,34820,Octomeria,rodeiensis
1137028,34817,Octomeria,pygmaea
1137041,34798,Octomeria,nana
1137057,34754,Octomeria,exigua
1137062,34776,Octomeria,integrilabia
1137069,34767,Octomeria,guentheriana
1137070,34766,Octomeria,grandiflora
1137071,34765,Octomeria,graminifolia
1137082,34756,Octomeria,filifolia
1137089,34751,Octomeria,erosilabia
1137135,23045,Octarrhena,saccolabioides
1137312,21828,Oberonia,mindorensis
1137485,21681,Oberonia,acaulis
1137491,29551,Notylia,yauaperyensis
1137502,29543,Notylia,rhombilabia
1137505,29540,Notylia,punctata
1137507,29538,Notylia,platyglossa
1137519,29531,Notylia,microchila
1137529,29521,Notylia,inversa
1137535,29516,Notylia,flexuosa
1137545,29504,Notylia,barkeri
1137546,29503,Notylia,aromatica
1137548,29501,Notylia,angustifolia
1137556,22144,Appendicula,tenuispica
1137580,22120,Appendicula,polyantha
1137673,22102,Appendicula,negrosiana
1137733,22055,Appendicula,fasciculata
1137778,15146,Neottia,nidus-avis
1137828,22027,Appendicula,calcarata
1137849,525,Apostasia,wallichii R.
1137859,3086,Neobolusia,stolzii Schltr.
1137885,24882,Mystacidium,pulchellum
1137886,24881,Mystacidium,nguruense
1137900,7862,Myrosmodes,chiogena Schltr.
1137932,34927,Myoxanthus,trachychlamys
1137943,34914,Myoxanthus,parvilabius
1137962,34895,Myoxanthus,exasperatus
1138008,27517,Mormodes,tigrina
1138020,27505,Mormodes,rosea
1138056,27462,Mormodes,elegans
1138058,27459,Mormodes,dasilvae
1138059,27458,Mormodes,cucumerina
1138065,27452,Mormodes,castroi
1138069,27448,Mormodes,buccinator
1138072,27445,Mormodes,auriculata
1138074,27443,Mormodes,aurantiaca
1138075,27442,Mormodes,atropurpurea
1138240,31624,Aplectrum,hyemale
1138271,26016,Micropera,pallida
1138301,24630,Microcoelia,nyungwensis
1138320,24605,Microcoelia,bulbocalcarata
1138354,15029,Mesadenus,lucayanus
1138376,5336,Megastylis,rara Schltr.
1138377,5335,Megastylis,paradoxa Kraenzl.
1138378,5334,Megastylis,montana Schltr.
1138380,5332,Megastylis,latilabris Schltr.
1138386,22985,Mediocalcar,uniflorum
1138387,22984,Mediocalcar,umboiense
1138388,22983,Mediocalcar,subteres
1138389,22982,Mediocalcar,stevenscoodei
1138390,22981,Mediocalcar,pygmaeum
1138392,22980,Mediocalcar,papuanum
1138393,22978,Mediocalcar,geniculatum
1138394,22977,Mediocalcar,decoratum
1138395,22976,Mediocalcar,crenulatum
1138396,22975,Mediocalcar,congestum
1138397,22974,Mediocalcar,bulbophylloides
1138399,22973,Mediocalcar,bifolium
1138400,22972,Mediocalcar,arfakense
1138401,22971,Mediocalcar,agathodaemonis
1138404,30335,Maxillaria,yauaperyensis
1138406,30333,Maxillaria,xylobiiflora
1138457,30270,Maxillaria,tenuis
1138492,30225,Maxillaria,setigera
1138533,30168,Maxillaria,quelchii
1138550,30141,Maxillaria,porrecta
1138576,30109,Maxillaria,pauciflora
1138584,30101,Maxillaria,parkeri
1138646,30026,Maxillaria,meridensis
1138648,30023,Maxillaria,melina
1138684,29980,Maxillaria,leucaimata
1138821,29803,Maxillaria,connellii
1138829,29794,Maxillaria,coccinea
1138836,29787,Maxillaria,chlorantha
1138871,29741,Maxillaria,brachybulbon
1138875,29737,Maxillaria,bolivarensis
1138909,29686,Maxillaria,albata
1138966,37807,Masdevallia,venezuelana
1138970,7948,Masdevallia,veitchiana
1138972,37801,Masdevallia,vargasii
1139145,37586,Masdevallia,norae
1139166,37560,Masdevallia,minuta
1139336,37343,Masdevallia,cuprea
1139409,37250,Masdevallia,atahualpa
1139504,21520,Malaxis,monophyllos
1139533,21586,Malaxis,unifolia
1139578,21568,Malaxis,spicata
1139585,21562,Malaxis,seychellarum
1139691,21524,Malaxis,muscifera
1139723,21567,Malaxis,soulei
1139818,21473,Malaxis,excavata
1139882,21461,Malaxis,corymbosa
1139894,21444,Malaxis,bayardii
1140002,29492,Macroclinium,wullschlaegelianum
1140013,29475,Macroclinium,mirabile
1140034,29452,Macroclinium,brasiliense
1140042,29441,Macradenia,tridentata
1140046,29437,Macradenia,paraensis
1140048,29436,Macradenia,lutescens
1140052,29431,Macradenia,amazonica
1140130,7950,Lycaste,skinneri
1140204,25042,Luisia,brachystachys
1140257,27783,Lockhartia,latilabris
1140258,27781,Lockhartia,imbricata
1140396,20668,Liparis,barbata
1140490,20876,Liparis,puncticulata
1140522,20848,Liparis,odorata
1140583,20811,Liparis,longipetala
1140584,20810,Liparis,longicaulis
1140649,20775,Liparis,hawaiensis
1140661,20765,Liparis,gracilenta
1140663,20764,Liparis,goodyeroides
1140772,20687,Liparis,bulbophylloides
1140814,20661,Liparis,ascendens
1141155,36937,Lepanthes,woodburyana
1141183,36903,Lepanthes,veleziana
1141330,36725,Lepanthes,sanguinea
1141340,36708,Lepanthes,rupestris
1141343,36704,Lepanthes,rubripetala
1141446,36581,Lepanthes,pariaensis
1141537,36476,Lepanthes,mucronata
1141665,36310,Lepanthes,isochila
1141698,36271,Lepanthes,hubeinii
1141810,36147,Lepanthes,exilis
1141833,36116,Lepanthes,eltoroensis
1141864,36074,Lepanthes,dodiana
1141918,36002,Lepanthes,cremersii
1142021,35887,Lepanthes,brasiliensis
1142135,29357,Leochilus,puertoricensis
1142138,29353,Leochilus,labiatus
1142148,24362,Lemurella,virescens
1142149,24361,Lemurella,papillosa
1142275,14902,Lankesterella,gnomus
1142350,34541,Laelia,rubescens
1142355,34537,Laelia,marginata
1142374,7909,Laelia,anceps
1142468,30963,Koellensteinia,hyacinthoides
1142583,24328,Jumellea,peyrotii
1142591,24321,Jumellea,maxillarioides
1142595,24317,Jumellea,longivaginans
1142619,24296,Jumellea,arborescens
1142621,24294,Jumellea,anjouanensis
1142642,31774,Jacquiniella,globosa
1142644,31772,Jacquiniella,equitantifolia
1142649,26827,Ansellia,africana
1142652,610,Isotria,medeoloides Pursh
1142657,31568,Isochilus,linearis
1142673,7512,Anoectochilus,zhejiangensis Z.
1142675,29563,Ionopsis,utricularioides
1142720,7502,Anoectochilus,sandvicensis Lindl.
1142731,7487,Anoectochilus,koshunensis Hayata
1142845,30753,Huntleya,lucida
11844456,7465,Anoectochilus,Blume
11846345,18482,Bulbophyllum,
12160102,1069,Paphiopedilum,thaianum Iamwir.
1291956,2306,Habenaria,macroceratitis Willd.
1292694,4274,Orchis,sitiaca Renz
1293728,884,Cypripedium,parviflorum Salisb.
1293730,883,Cypripedium,parviflorum Salisb.
15730773,35362,Acianthera,variegata
15790,38407,Stelis,
17059088,25823,Pomatocalpa,floresanum
17267,1501,Satyrium,Sw.
17273,31894,Epidendrum,
17835,15197,Epipactis,
17841,15256,Cephalanthera,
17847,21435,Malaxis,
17854,6910,Erythrodes,Blume
17856,16009,Calopogon,
18444,1828,Habenaria,Willd.
2027948,24500,Campylocentrum,pygmaeum
21189369,4545,Galearis,Raf.
21191346,27525,Cyrtopodium,
229027,18868,Bulbophyllum,comatum
229130,18878,Bulbophyllum,comptonii
229245,21890,Oberonia,seidenfadenii
229394,18938,Bulbophyllum,cupreum
229946,18945,Bulbophyllum,cyanotriche
230310,18952,Bulbophyllum,cylindraceum
230373,40344,Pabstiella,determannii
230376,40440,Pabstiella,yauaperyensis
230575,18953,Bulbophyllum,cylindrobulbum
23074566,19459,Bulbophyllum,lagaroglossum
23074585,20251,Bulbophyllum,scorpio
23081307,35978,Lepanthes,conchyliata
231116,18661,Bulbophyllum,betchei
231446,18968,Bulbophyllum,debile
231490,20268,Bulbophyllum,septatum
231512,18973,Bulbophyllum,decatriche
231554,18982,Bulbophyllum,delitescens
231577,20371,Bulbophyllum,subapetalum
23616468,27820,Ornithocephalus,cujeticola
23768460,843,Cypripedium,L.
23768487,7758,Cranichis,Sw.
23768488,7634,Ponthieva,R. Br.
23768512,7887,Eltroplectris,Raf.
23768555,31559,Isochilus,
23768556,31592,Govenia,
24004517,716,Vanilla,cribbiana Soto
245345,19006,Bulbophyllum,dichotomum
245679,19019,Bulbophyllum,discilabium
245947,19080,Bulbophyllum,encephalodes
246864,19090,Bulbophyllum,erinaceum
246870,19095,Bulbophyllum,erythroglossum
246889,19106,Bulbophyllum,exaltatum
247083,19119,Bulbophyllum,falcifolium
24731,20644,Liparis,
247425,19158,Bulbophyllum,flavofimbriatum
247610,19179,Bulbophyllum,fritillariiflorum
247704,5055,Prasophyllum,mimulum D.
247740,19210,Bulbophyllum,gilgianum
247976,19238,Bulbophyllum,graciliscapum
248069,19248,Bulbophyllum,gravidum
248175,19276,Bulbophyllum,hamelinii
248182,19279,Bulbophyllum,haniffii
248191,19281,Bulbophyllum,hapalanthos
248314,19301,Bulbophyllum,hexarhopalon
248371,19309,Bulbophyllum,hirsutiusculum
248745,19320,Bulbophyllum,horizontale
248921,19351,Bulbophyllum,imerinense
249164,19390,Bulbophyllum,ischnopus
249296,19417,Bulbophyllum,kainochiloides
249374,19431,Bulbophyllum,kenae
249456,19439,Bulbophyllum,khasyanum
249474,19445,Bulbophyllum,kivuense
249563,31790,Scaphyglottis,bidentata
249569,31811,Scaphyglottis,emarginata
249571,31823,Scaphyglottis,imbricata
249579,19462,Bulbophyllum,lakatoense
249670,19481,Bulbophyllum,latipes
249699,19485,Bulbophyllum,laxum
249755,19500,Bulbophyllum,leopardinum
249775,19502,Bulbophyllum,lepanthiflorum
249843,19511,Bulbophyllum,leptoleucum
249849,19512,Bulbophyllum,leptophyllum
249897,19520,Bulbophyllum,leucothyrsus
249962,19545,Bulbophyllum,lingulatum
249973,19553,Bulbophyllum,lizae
249984,7922,Bulbophyllum,lobbii
251466,19579,Bulbophyllum,lophoton
251511,19602,Bulbophyllum,macilentum
251521,19607,Bulbophyllum,macranthum
251695,19614,Bulbophyllum,macrourum
251724,19633,Bulbophyllum,mangenotii
251753,19636,Bulbophyllum,manobulbum
251804,19648,Bulbophyllum,masoalanum
251905,18635,Bulbophyllum,bacilliferum
251933,19667,Bulbophyllum,melleum
252000,19679,Bulbophyllum,mesodon
252881,19701,Bulbophyllum,minax
252911,19706,Bulbophyllum,minutipetalum
252913,19707,Bulbophyllum,minutissimum
252939,19714,Bulbophyllum,mischobulbon
252946,19715,Bulbophyllum,mobilifilum
252988,19728,Bulbophyllum,moratii
253007,19734,Bulbophyllum,mulderae
254881,20561,Bulbophyllum,vesiculosum
29120,28312,Oncidium,
29124,34523,Laelia,
29138,30338,Lycaste,
29145,4341,Platanthera,Rich.
29151,547,Pogonia,Juss.
29154,31582,Tipularia,
29174,14914,Spiranthes,
29177,33905,Encyclia,
29181,29040,Brassia,
29184,16015,Arethusa,
29187,35445,Trichosalpinx,
29193,4810,Gymnadenia,R. Br.
29203,24660,Tridactyle,
29205,24059,Angraecum,
29206,34579,Brassavola,
29224,23815,Polystachya,
29232,23372,Phaius,
29246,6938,Goodyera,R. Br.
29314,15052,Schiedeella,
29315,14971,Dichromanthus,
29317,14539,Cyclopogon,
29338,33851,Tetramicra,
29339,15339,Elleanthus,
29346,29557,Ionopsis,
29351,29430,Macradenia,
29357,35755,Lepanthes,
29359,31862,Domingoa,
29376,34617,Brachionidium,
29384,23618,Spathoglottis,
29398,31556,Helleriella,
29404,15965,Tropidia,
29410,34509,Broughtonia,
29412,16019,Arundina,
29418,7206,Zeuxine,Lindl.
29511,30571,Dichaea,
29529,7145,Cheirostylis,Blume
29968,15998,Corymborkis,
29984,2730,Bonatea,Willd.
29987,24600,Microcoelia,
29989,24788,Diaphananthe,
29997,34609,Dilomilis,
30002,34238,Psychilis,
30019,30835,Cochleanthes,
30043,24755,Cyrtorchis,
30092,15672,Triphora,
30158,15050,Microthelys,
30164,15016,Beloglottis,
30187,24434,Campylocentrum,
31158724,17996,Dendrobium,polysema
31160923,30003,Maxillaria,luteograndiflora
31162557,23468,Calanthe,floresana
31175853,978,Paphiopedilum,canhii Aver.
31175854,1046,Paphiopedilum,qingyongii Z.
32418,15027,Mesadenus,
32441,14973,Deiregyne,
33233,14872,Eurystyles,
33273,14632,Hapalorchis,
345181,19788,Bulbophyllum,ngoyense
345185,19789,Bulbophyllum,nigericum
345396,19821,Bulbophyllum,obtusatum
345456,19828,Bulbophyllum,ochroleucum
345458,19832,Bulbophyllum,octarrhenipetalum
345459,19830,Bulbophyllum,ochthochilum
345461,19833,Bulbophyllum,octorhopalon
345541,19843,Bulbophyllum,oliganthum
345610,19855,Bulbophyllum,oreodoxa
345631,19862,Bulbophyllum,origami
345673,19867,Bulbophyllum,ortalis
34569,31580,Calypso,
345802,19887,Bulbophyllum,pachytelos
345819,19889,Bulbophyllum,paleiferum
345854,19896,Bulbophyllum,pandanetorum
345860,19897,Bulbophyllum,pandurella
345908,19904,Bulbophyllum,papillosofilum
345954,19912,Bulbophyllum,parabates
346008,19919,Bulbophyllum,patella
346098,19934,Bulbophyllum,peltopus
346365,19961,Bulbophyllum,peyrotii
346772,19971,Bulbophyllum,phormion
355433,19979,Bulbophyllum,pidacanthum
355521,20007,Bulbophyllum,pleurothallopsis
38854,31767,Jacquiniella,
39856766,15705,Psilochilus,
39862013,678,Vanilla,Mill.
47161719,2093,Habenaria,finetiana Schltr.
47161999,7501,Anoectochilus,roxburghii Wall.
47162098,33493,Epidendrum,secundum
47162379,4556,Dactylorhiza,Neck. ex
47162763,23529,Calanthe,puberula
47162802,39724,Pleurothallis,
47162851,4357,Platanthera,blephariglottis Willd.
47162855,4416,Platanthera,integrilabia Correll
47162857,4396,Platanthera,flava L.
48967176,18439,Dendrobium,wilsonii
49907701,29677,Maxillaria,acutifolia
49907861,23932,Polystachya,leucorhoda
49907893,6639,Achlydosa,glandulosa Schltr.
49948561,33068,Epidendrum,nocturnum
50293001,962,Paphiopedilum,areeanum O.
50294442,30315,Maxillaria,villosa
50296348,18789,Bulbophyllum,caudatum
50302886,23503,Calanthe,masuca
51554504,24822,Rhipidoglossum,arbonnieri
52191152,33972,Encyclia,gravida
52191182,40348,Pabstiella,ephemera
52191188,40431,Pabstiella,uniflora
52191554,25792,Trichoglottis,ramosa
52191579,25362,Vanda,curvifolia
52191587,24470,Campylocentrum,kuntzei
52191640,23457,Calanthe,delavayi
523028,20008,Bulbophyllum,plicatum
523540,20023,Bulbophyllum,porphyrostachys
523656,20025,Bulbophyllum,posticum
524261,18842,Bulbophyllum,clandestinum
524663,20055,Bulbophyllum,ptychantyx
52515766,34270,Cattleya,araguaiensis
52515927,31908,Epidendrum,acunae
52517073,7861,Myrosmodes,brevis Schltr.
527144,20093,Bulbophyllum,quadrisetum
527205,20096,Bulbophyllum,quasimodo
527394,20098,Bulbophyllum,radicans
527606,20113,Bulbophyllum,reevei
533290,20124,Bulbophyllum,renkinianum
556672,20387,Bulbophyllum,sulcatum
558278,20375,Bulbophyllum,subclavatum
558914,20137,Bulbophyllum,rhodoleucum
5910265,4494,Platanthera,tescamnis Sheviak
5919971,20653,Liparis,ambohimangana
5927381,20127,Bulbophyllum,restrepia
5927398,19415,Bulbophyllum,jumelleanum
5927502,18732,Bulbophyllum,bryophilum
5938701,24097,Angraecum,chermezonii
60964615,31974,Epidendrum,anceps
60964617,16438,Coelogyne,fuscescens
60964635,34591,Brassavola,martiana
60964637,34587,Brassavola,cucullata
60964645,15970,Tropidia,curculigoides
60964657,2602,Habenaria,stenopetala Lindl.
860273,20148,Bulbophyllum,rigidifilum
891310,20168,Bulbophyllum,rubiginosum
891693,20172,Bulbophyllum,rubrolabellum
985468,20201,Bulbophyllum,sandrangatense
985631,20206,Bulbophyllum,sanguineum
985646,20209,Bulbophyllum,santoense
985906,20213,Bulbophyllum,sarasinorum
986516,20225,Bulbophyllum,scaberulum
986658,20232,Bulbophyllum,sceliphron
986803,20249,Bulbophyllum,scopa
986879,20254,Bulbophyllum,scutiferum
987252,20276,Bulbophyllum,setigerum
987307,20294,Bulbophyllum,simile
987385,20333,Bulbophyllum,stabile
987462,20355,Bulbophyllum,stipulaceum
987514,20363,Bulbophyllum,streptotriche
987586,20388,Bulbophyllum,sulfureum
987746,20401,Bulbophyllum,tampoketsense
987754,20402,Bulbophyllum,tanystiche
989795,20419,Bulbophyllum,teretibulbum
989798,20420,Bulbophyllum,teretifolium
991205,20448,Bulbophyllum,toilliezae
991206,20449,Bulbophyllum,tokioi
991689,20519,Bulbophyllum,umbellatum
991705,20524,Bulbophyllum,undecifilum
992262,20545,Bulbophyllum,vanum
992528,20576,Bulbophyllum,vulcanicum
999814,20590,Bulbophyllum,wendlandianum
