genus,total_species,species_with_images,species_missing,total_images,avg_images_per_species,coverage_pct,ai_ready_status
Bulbophyllum,2164,82,2082,1137,0.5,35.32,INSUFFICIENT
Epidendrum,1930,84,1846,2276,1.2,55.22,INSUFFICIENT
Dendrobium,1590,66,1524,1662,1.0,52.17,INSUFFICIENT
Stelis,1317,0,1317,0,0.0,0.00,INSUFFICIENT
Lepanthes,1205,0,1205,0,0.0,0.00,INSUFFICIENT
Ophrys,1166,1,1165,18,0.0,1.52,INSUFFICIENT
Habenaria,1090,6,1084,47,0.0,4.16,INSUFFICIENT
Maxillaria,666,41,625,937,1.4,59.99,INSUFFICIENT
Masdevallia,655,0,655,0,0.0,0.00,INSUFFICIENT
Coelogyne,603,0,603,0,0.0,0.00,INSUFFICIENT
Pleurothallis,585,21,564,534,0.9,48.63,INSUFFICIENT
Caladenia,473,0,473,0,0.0,0.00,INSUFFICIENT
Pterostylis,455,0,455,0,0.0,0.00,INSUFFICIENT
Oncidium,382,23,359,971,2.5,73.01,INSUFFICIENT
Microchilus,378,0,378,0,0.0,0.00,INSUFFICIENT
Liparis,321,0,321,0,0.0,0.00,INSUFFICIENT
Dactylorhiza,320,0,320,0,0.0,0.00,INSUFFICIENT
Acianthera,306,0,306,0,0.0,0.00,INSUFFICIENT
Crepidium,304,0,304,0,0.0,0.00,INSUFFICIENT
Eulophia,273,0,273,0,0.0,0.00,INSUFFICIENT
Oberonia,261,0,261,0,0.0,0.00,INSUFFICIENT
Telipogon,256,0,256,0,0.0,0.00,INSUFFICIENT
Taeniophyllum,251,0,251,0,0.0,0.00,INSUFFICIENT
Cattleya,249,13,236,507,2.0,68.24,INSUFFICIENT
Polystachya,241,0,241,0,0.0,0.00,INSUFFICIENT
Platanthera,236,1,235,20,0.1,7.84,INSUFFICIENT
Angraecum,232,1,231,20,0.1,7.97,INSUFFICIENT
Cynorkis,230,0,230,0,0.0,0.00,INSUFFICIENT
Catasetum,228,0,228,0,0.0,0.00,INSUFFICIENT
Phreatia,222,0,222,0,0.0,0.00,INSUFFICIENT
Paphiopedilum,219,1,218,188,0.9,46.31,INSUFFICIENT
Disa,218,0,218,0,0.0,0.00,INSUFFICIENT
Cyrtochilum,216,0,216,0,0.0,0.00,INSUFFICIENT
Thrixspermum,205,0,205,0,0.0,0.00,INSUFFICIENT
Encyclia,202,0,202,0,0.0,0.00,INSUFFICIENT
Corybas,200,0,200,0,0.0,0.00,INSUFFICIENT
Prasophyllum,197,0,197,0,0.0,0.00,INSUFFICIENT
Sobralia,195,0,195,0,0.0,0.00,INSUFFICIENT
Pinalia,186,0,186,0,0.0,0.00,INSUFFICIENT
Calanthe,170,0,170,0,0.0,0.00,INSUFFICIENT
Malaxis,163,0,163,0,0.0,0.00,INSUFFICIENT
Appendicula,155,0,155,0,0.0,0.00,INSUFFICIENT
Glomera,155,0,155,0,0.0,0.00,INSUFFICIENT
Ceratostylis,154,0,154,0,0.0,0.00,INSUFFICIENT
Vanilla,153,3,150,26,0.2,14.77,INSUFFICIENT
Dracula,150,0,150,0,0.0,0.00,INSUFFICIENT
Diuris,149,0,149,0,0.0,0.00,INSUFFICIENT
Octomeria,145,0,145,0,0.0,0.00,INSUFFICIENT
Gomesa,144,0,144,0,0.0,0.00,INSUFFICIENT
Thelymitra,142,0,142,0,0.0,0.00,INSUFFICIENT
Elleanthus,136,0,136,0,0.0,0.00,INSUFFICIENT
Prosthechea,135,0,135,0,0.0,0.00,INSUFFICIENT
Pabstiella,132,0,132,0,0.0,0.00,INSUFFICIENT
Agrostophyllum,131,0,131,0,0.0,0.00,INSUFFICIENT
Anathallis,129,0,129,0,0.0,0.00,INSUFFICIENT
Dichaea,127,0,127,0,0.0,0.00,INSUFFICIENT
Platystele,126,0,126,0,0.0,0.00,INSUFFICIENT
Hemipilia,126,0,126,0,0.0,0.00,INSUFFICIENT
Cranichis,124,0,124,0,0.0,0.00,INSUFFICIENT
Goodyera,119,0,119,0,0.0,0.00,INSUFFICIENT
Peristylus,117,0,117,0,0.0,0.00,INSUFFICIENT
Anacamptis,114,0,114,0,0.0,0.00,INSUFFICIENT
Trichocentrum,113,0,113,0,0.0,0.00,INSUFFICIENT
Orchis,113,0,113,0,0.0,0.00,INSUFFICIENT
Specklinia,110,0,110,0,0.0,0.00,INSUFFICIENT
Stichorkis,110,0,110,0,0.0,0.00,INSUFFICIENT
Cymbidium,108,3,105,402,3.7,79.29,INSUFFICIENT
Satyrium,107,0,107,0,0.0,0.00,INSUFFICIENT
Gastrodia,105,0,105,0,0.0,0.00,INSUFFICIENT
Fernandezia,102,0,102,0,0.0,0.00,INSUFFICIENT
Vanda,101,7,94,373,3.7,79.87,INSUFFICIENT
Cleisostoma,99,0,99,0,0.0,0.00,INSUFFICIENT
Serapias,99,0,99,0,0.0,0.00,INSUFFICIENT
Zeuxine,97,0,97,0,0.0,0.00,INSUFFICIENT
Disperis,95,0,95,0,0.0,0.00,INSUFFICIENT
Pelexia,94,0,94,0,0.0,0.00,INSUFFICIENT
Cyclopogon,93,0,93,0,0.0,0.00,INSUFFICIENT
Robiquetia,93,0,93,0,0.0,0.00,INSUFFICIENT
Ponthieva,93,0,93,0,0.0,0.00,INSUFFICIENT
Phalaenopsis,93,6,87,338,3.6,79.53,INSUFFICIENT
Comparettia,90,0,90,0,0.0,0.00,INSUFFICIENT
Genoplesium,89,0,89,0,0.0,0.00,INSUFFICIENT
Odontochilus,89,0,89,0,0.0,0.00,INSUFFICIENT
Mormodes,88,0,88,0,0.0,0.00,INSUFFICIENT
Neottia,87,0,87,0,0.0,0.00,INSUFFICIENT
Trichoglottis,85,0,85,0,0.0,0.00,INSUFFICIENT
Cylindrolobus,84,0,84,0,0.0,0.00,INSUFFICIENT
Brachionidium,84,0,84,0,0.0,0.00,INSUFFICIENT
Stanhopea,84,0,84,0,0.0,0.00,INSUFFICIENT
Andinia,84,0,84,0,0.0,0.00,INSUFFICIENT
Cypripedium,82,15,67,720,8.8,91.49,INSUFFICIENT
Gastrochilus,82,0,82,0,0.0,0.00,INSUFFICIENT
Gongora,82,0,82,0,0.0,0.00,INSUFFICIENT
Campylocentrum,81,0,81,0,0.0,0.00,INSUFFICIENT
Trichotosia,81,0,81,0,0.0,0.00,INSUFFICIENT
Scaphyglottis,79,0,79,0,0.0,0.00,INSUFFICIENT
Nervilia,77,0,77,0,0.0,0.00,INSUFFICIENT
Karma,74,0,74,0,0.0,0.00,INSUFFICIENT
Cheirostylis,72,0,72,0,0.0,0.00,INSUFFICIENT
Restrepia,71,0,71,0,0.0,0.00,INSUFFICIENT
Coryanthes,70,0,70,0,0.0,0.00,INSUFFICIENT
Brassia,70,0,70,0,0.0,0.00,INSUFFICIENT
Herminium,70,0,70,0,0.0,0.00,INSUFFICIENT
Cleistes,69,8,61,192,2.8,75.89,INSUFFICIENT
Podochilus,66,0,66,0,0.0,0.00,INSUFFICIENT
Kefersteinia,65,0,65,0,0.0,0.00,INSUFFICIENT
Aerangis,63,0,63,0,0.0,0.00,INSUFFICIENT
Pterichis,62,0,62,0,0.0,0.00,INSUFFICIENT
Lycaste,62,0,62,0,0.0,0.00,INSUFFICIENT
Anoectochilus,62,0,62,0,0.0,0.00,INSUFFICIENT
Andreettaea,60,0,60,0,0.0,0.00,INSUFFICIENT
Phragmipedium,60,16,44,415,6.9,90.41,INSUFFICIENT
Scaphosepalum,59,0,59,0,0.0,0.00,INSUFFICIENT
Epipactis,59,0,59,0,0.0,0.00,INSUFFICIENT
Sarcoglottis,58,0,58,0,0.0,0.00,INSUFFICIENT
Porroglossum,58,0,58,0,0.0,0.00,INSUFFICIENT
Jumellea,57,0,57,0,0.0,0.00,INSUFFICIENT
Bletia,57,0,57,0,0.0,0.00,INSUFFICIENT
Spiranthes,57,0,57,0,0.0,0.00,INSUFFICIENT
Chloraea,56,0,56,0,0.0,0.00,INSUFFICIENT
Bifrenaria,56,0,56,0,0.0,0.00,INSUFFICIENT
Dryadella,55,0,55,0,0.0,0.00,INSUFFICIENT
Ornithocephalus,55,0,55,0,0.0,0.00,INSUFFICIENT
Cyrtopodium,54,0,54,0,0.0,0.00,INSUFFICIENT
Porpax,54,0,54,0,0.0,0.00,INSUFFICIENT
Myoxanthus,54,0,54,0,0.0,0.00,INSUFFICIENT
Holothrix,54,0,54,0,0.0,0.00,INSUFFICIENT
Notylia,53,0,53,0,0.0,0.00,INSUFFICIENT
Crossoglossa,52,0,52,0,0.0,0.00,INSUFFICIENT
Octarrhena,51,0,51,0,0.0,0.00,INSUFFICIENT
Lepanthopsis,51,0,51,0,0.0,0.00,INSUFFICIENT
Rhipidoglossum,51,0,51,0,0.0,0.00,INSUFFICIENT
Macroclinium,50,0,50,0,0.0,0.00,INSUFFICIENT
Brachycorythis,50,0,50,0,0.0,0.00,INSUFFICIENT
Tridactyle,49,0,49,0,0.0,0.00,INSUFFICIENT
Nigritella,49,0,49,0,0.0,0.00,INSUFFICIENT
Ida,49,0,49,0,0.0,0.00,INSUFFICIENT
Luisia,48,0,48,0,0.0,0.00,INSUFFICIENT
Vrydagzynea,48,0,48,0,0.0,0.00,INSUFFICIENT
Rodriguezia,48,0,48,0,0.0,0.00,INSUFFICIENT
Trichopilia,47,0,47,0,0.0,0.00,INSUFFICIENT
Styloglossum,47,0,47,0,0.0,0.00,INSUFFICIENT
Aeranthes,46,0,46,0,0.0,0.00,INSUFFICIENT
Gomphichis,45,0,45,0,0.0,0.00,INSUFFICIENT
Epigeneium,44,0,44,0,0.0,0.00,INSUFFICIENT
Zootrophion,43,0,43,0,0.0,0.00,INSUFFICIENT
Stigmatodactylus,43,0,43,0,0.0,0.00,INSUFFICIENT
Spathoglottis,42,0,42,0,0.0,0.00,INSUFFICIENT
Phaius,41,0,41,0,0.0,0.00,INSUFFICIENT
Dipodium,41,0,41,0,0.0,0.00,INSUFFICIENT
Palmorchis,40,0,40,0,0.0,0.00,INSUFFICIENT
Lecanorchis,40,1,39,41,1.0,51.25,INSUFFICIENT
Blepharoglossum,39,0,39,0,0.0,0.00,INSUFFICIENT
Benthamia,39,0,39,0,0.0,0.00,INSUFFICIENT
Microcoelia,38,0,38,0,0.0,0.00,INSUFFICIENT
Mycaranthes,38,0,38,0,0.0,0.00,INSUFFICIENT
Oxystophyllum,37,0,37,0,0.0,0.00,INSUFFICIENT
Plocoglottis,36,0,36,0,0.0,0.00,INSUFFICIENT
Pleione,36,0,36,0,0.0,0.00,INSUFFICIENT
Xylobium,35,0,35,0,0.0,0.00,INSUFFICIENT
Eria,35,0,35,0,0.0,0.00,INSUFFICIENT
xSerapicamptis,35,0,35,0,0.0,0.00,INSUFFICIENT
Chiloschista,34,0,34,0,0.0,0.00,INSUFFICIENT
Epistephium,34,1,33,55,1.6,62.50,INSUFFICIENT
Calochilus,34,0,34,0,0.0,0.00,INSUFFICIENT
Laelia,34,0,34,0,0.0,0.00,INSUFFICIENT
Hetaeria,34,0,34,0,0.0,0.00,INSUFFICIENT
Galeandra,34,0,34,0,0.0,0.00,INSUFFICIENT
Aerides,34,1,33,118,3.5,78.15,INSUFFICIENT
Lockhartia,34,0,34,0,0.0,0.00,INSUFFICIENT
Tropidia,33,0,33,0,0.0,0.00,INSUFFICIENT
Tolumnia,33,0,33,0,0.0,0.00,INSUFFICIENT
Zygostates,32,0,32,0,0.0,0.00,INSUFFICIENT
Cycnoches,32,0,32,0,0.0,0.00,INSUFFICIENT
Schoenorchis,32,0,32,0,0.0,0.00,INSUFFICIENT
Chiloglottis,32,0,32,0,0.0,0.00,INSUFFICIENT
Diaphananthe,32,0,32,0,0.0,0.00,INSUFFICIENT
Rhomboda,31,0,31,0,0.0,0.00,INSUFFICIENT
Govenia,31,0,31,0,0.0,0.00,INSUFFICIENT
Erythrodes,30,0,30,0,0.0,0.00,INSUFFICIENT
Trisetella,30,0,30,0,0.0,0.00,INSUFFICIENT
Thelasis,30,0,30,0,0.0,0.00,INSUFFICIENT
Trichosalpinx,30,0,30,0,0.0,0.00,INSUFFICIENT
Prescottia,29,0,29,0,0.0,0.00,INSUFFICIENT
Tainia,29,0,29,0,0.0,0.00,INSUFFICIENT
Bromheadia,29,0,29,0,0.0,0.00,INSUFFICIENT
Microtis,28,0,28,0,0.0,0.00,INSUFFICIENT
Eriochilus,28,0,28,0,0.0,0.00,INSUFFICIENT
Sarcochilus,28,0,28,0,0.0,0.00,INSUFFICIENT
Aa,27,2,25,11,0.4,30.56,INSUFFICIENT
Bryobium,27,0,27,0,0.0,0.00,INSUFFICIENT
Cephalanthera,27,0,27,0,0.0,0.00,INSUFFICIENT
Grosourdya,27,0,27,0,0.0,0.00,INSUFFICIENT
Paracaleana,26,0,26,0,0.0,0.00,INSUFFICIENT
Caucaea,26,0,26,0,0.0,0.00,INSUFFICIENT
Pseudocentrum,26,0,26,0,0.0,0.00,INSUFFICIENT
Cryptostylis,26,0,26,0,0.0,0.00,INSUFFICIENT
Deiregyne,26,0,26,0,0.0,0.00,INSUFFICIENT
Otoglossum,26,0,26,0,0.0,0.00,INSUFFICIENT
Lankesteriana,26,0,26,0,0.0,0.00,INSUFFICIENT
Eurystyles,25,0,25,0,0.0,0.00,INSUFFICIENT
Platycoryne,25,0,25,0,0.0,0.00,INSUFFICIENT
Pescatoria,25,0,25,0,0.0,0.00,INSUFFICIENT
Triphora,25,0,25,0,0.0,0.00,INSUFFICIENT
Eltroplectris,25,0,25,0,0.0,0.00,INSUFFICIENT
xDactylodenia,25,0,25,0,0.0,0.00,INSUFFICIENT
Gymnadenia,25,0,25,0,0.0,0.00,INSUFFICIENT
Platylepis,24,0,24,0,0.0,0.00,INSUFFICIENT
Epiblastus,24,0,24,0,0.0,0.00,INSUFFICIENT
Didymoplexis,23,0,23,0,0.0,0.00,INSUFFICIENT
Renanthera,23,0,23,0,0.0,0.00,INSUFFICIENT
Stenia,23,0,23,0,0.0,0.00,INSUFFICIENT
Pterygodium,23,0,23,0,0.0,0.00,INSUFFICIENT
Micropera,23,0,23,0,0.0,0.00,INSUFFICIENT
Brachystele,23,0,23,0,0.0,0.00,INSUFFICIENT
Aeridostachya,22,0,22,0,0.0,0.00,INSUFFICIENT
Pteroceras,22,0,22,0,0.0,0.00,INSUFFICIENT
Pseuderia,22,0,22,0,0.0,0.00,INSUFFICIENT
Pomatocalpa,22,0,22,0,0.0,0.00,INSUFFICIENT
Cystorchis,22,0,22,0,0.0,0.00,INSUFFICIENT
Holcoglossum,22,0,22,0,0.0,0.00,INSUFFICIENT
Brassavola,22,0,22,0,0.0,0.00,INSUFFICIENT
Miltonia,21,0,21,0,0.0,0.00,INSUFFICIENT
Pleurothallopsis,21,0,21,0,0.0,0.00,INSUFFICIENT
Angraecopsis,21,0,21,0,0.0,0.00,INSUFFICIENT
Aphyllorchis,21,0,21,0,0.0,0.00,INSUFFICIENT
Gavilea,21,0,21,0,0.0,0.00,INSUFFICIENT
Psilochilus,20,0,20,0,0.0,0.00,INSUFFICIENT
Barbosella,20,0,20,0,0.0,0.00,INSUFFICIENT
Barkeria,20,0,20,0,0.0,0.00,INSUFFICIENT
Oreorchis,20,0,20,0,0.0,0.00,INSUFFICIENT
Arachnis,20,0,20,0,0.0,0.00,INSUFFICIENT
Himantoglossum,20,0,20,0,0.0,0.00,INSUFFICIENT
xGymnigritella,20,0,20,0,0.0,0.00,INSUFFICIENT
Cyrtorchis,19,0,19,0,0.0,0.00,INSUFFICIENT
Teagueia,19,0,19,0,0.0,0.00,INSUFFICIENT
Arthrochilus,19,0,19,0,0.0,0.00,INSUFFICIENT
Ancistrorhynchus,19,0,19,0,0.0,0.00,INSUFFICIENT
Polycycnis,19,0,19,0,0.0,0.00,INSUFFICIENT
Echinosepala,19,0,19,0,0.0,0.00,INSUFFICIENT
Pennilabium,19,0,19,0,0.0,0.00,INSUFFICIENT
Adenoncos,18,0,18,0,0.0,0.00,INSUFFICIENT
Rhynchostele,18,0,18,0,0.0,0.00,INSUFFICIENT
Ophidion,18,0,18,0,0.0,0.00,INSUFFICIENT
Psychilis,18,0,18,0,0.0,0.00,INSUFFICIENT
Corycium,17,0,17,0,0.0,0.00,INSUFFICIENT
xDactylocamptis,17,0,17,0,0.0,0.00,INSUFFICIENT
Paphinia,17,0,17,0,0.0,0.00,INSUFFICIENT
Bonatea,17,0,17,0,0.0,0.00,INSUFFICIENT
Trachoma,17,0,17,0,0.0,0.00,INSUFFICIENT
Drakaea,17,0,17,0,0.0,0.00,INSUFFICIENT
Funkiella,17,0,17,0,0.0,0.00,INSUFFICIENT
Dendrophylax,16,0,16,0,0.0,0.00,INSUFFICIENT
Schiedeella,16,0,16,0,0.0,0.00,INSUFFICIENT
Hapalorchis,16,0,16,0,0.0,0.00,INSUFFICIENT
Myrosmodes,16,0,16,0,0.0,0.00,INSUFFICIENT
Baskervilla,16,0,16,0,0.0,0.00,INSUFFICIENT
Promenaea,16,0,16,0,0.0,0.00,INSUFFICIENT
Pteroglossa,16,0,16,0,0.0,0.00,INSUFFICIENT
Mediocalcar,16,0,16,0,0.0,0.00,INSUFFICIENT
Pseudolaelia,16,0,16,0,0.0,0.00,INSUFFICIENT
Corallorhiza,16,0,16,0,0.0,0.00,INSUFFICIENT
Oliveriana,16,0,16,0,0.0,0.00,INSUFFICIENT
Sarcoglyphis,16,0,16,0,0.0,0.00,INSUFFICIENT
Collabium,16,0,16,0,0.0,0.00,INSUFFICIENT
Huntleya,16,0,16,0,0.0,0.00,INSUFFICIENT
Chondroscaphe,16,0,16,0,0.0,0.00,INSUFFICIENT
Isochilus,15,0,15,0,0.0,0.00,INSUFFICIENT
Macodes,15,0,15,0,0.0,0.00,INSUFFICIENT
Zygopetalum,15,0,15,0,0.0,0.00,INSUFFICIENT
Ypsilopus,15,0,15,0,0.0,0.00,INSUFFICIENT
Alatiliparis,15,0,15,0,0.0,0.00,INSUFFICIENT
Dresslerella,15,0,15,0,0.0,0.00,INSUFFICIENT
Schizochilus,15,0,15,0,0.0,0.00,INSUFFICIENT
Saccolabiopsis,15,0,15,0,0.0,0.00,INSUFFICIENT
Hymenorchis,15,0,15,0,0.0,0.00,INSUFFICIENT
Capanemia,15,0,15,0,0.0,0.00,INSUFFICIENT
Nephelaphyllum,15,0,15,0,0.0,0.00,INSUFFICIENT
Koellensteinia,15,0,15,0,0.0,0.00,INSUFFICIENT
Chysis,15,0,15,0,0.0,0.00,INSUFFICIENT
Myrmecophila,14,0,14,0,0.0,0.00,INSUFFICIENT
Selenipedium,14,0,14,0,0.0,0.00,INSUFFICIENT
Anguloa,14,0,14,0,0.0,0.00,INSUFFICIENT
Leochilus,14,0,14,0,0.0,0.00,INSUFFICIENT
Dendrolirium,14,0,14,0,0.0,0.00,INSUFFICIENT
Microsaccus,14,0,14,0,0.0,0.00,INSUFFICIENT
Rossioglossum,14,0,14,0,0.0,0.00,INSUFFICIENT
Grammatophyllum,14,0,14,0,0.0,0.00,INSUFFICIENT
Galearis,14,0,14,0,0.0,0.00,INSUFFICIENT
Dressleria,14,0,14,0,0.0,0.00,INSUFFICIENT
Aglossorrhyncha,14,0,14,0,0.0,0.00,INSUFFICIENT
Brachypeza,14,0,14,0,0.0,0.00,INSUFFICIENT
Acineta,14,0,14,0,0.0,0.00,INSUFFICIENT
Pecteilis,14,0,14,0,0.0,0.00,INSUFFICIENT
Acanthophippium,14,0,14,0,0.0,0.00,INSUFFICIENT
Skeptrostachys,13,0,13,0,0.0,0.00,INSUFFICIENT
Bogoria,13,0,13,0,0.0,0.00,INSUFFICIENT
Jacquiniella,13,0,13,0,0.0,0.00,INSUFFICIENT
Duckeella,13,1,12,1,0.1,7.69,INSUFFICIENT
Bipinnula,13,0,13,0,0.0,0.00,INSUFFICIENT
Galeottia,13,0,13,0,0.0,0.00,INSUFFICIENT
Neuwiedia,12,1,11,6,0.5,35.29,INSUFFICIENT
Macradenia,12,0,12,0,0.0,0.00,INSUFFICIENT
Dunstervillea,12,0,12,0,0.0,0.00,INSUFFICIENT
Mesadenella,12,0,12,0,0.0,0.00,INSUFFICIENT
Macropodanthus,12,0,12,0,0.0,0.00,INSUFFICIENT
Warczewiczella,12,0,12,0,0.0,0.00,INSUFFICIENT
Sievekingia,12,0,12,0,0.0,0.00,INSUFFICIENT
xAnacamptorchis,12,0,12,0,0.0,0.00,INSUFFICIENT
Sauroglossum,12,0,12,0,0.0,0.00,INSUFFICIENT
Cischweinfia,12,0,12,0,0.0,0.00,INSUFFICIENT
Papilionanthe,12,0,12,0,0.0,0.00,INSUFFICIENT
Tuberolabium,12,0,12,0,0.0,0.00,INSUFFICIENT
Gastrorchis,12,0,12,0,0.0,0.00,INSUFFICIENT
Lankesterella,12,0,12,0,0.0,0.00,INSUFFICIENT
Veyretia,12,0,12,0,0.0,0.00,INSUFFICIENT
Benzingia,12,0,12,0,0.0,0.00,INSUFFICIENT
Tetramicra,12,0,12,0,0.0,0.00,INSUFFICIENT
Pseudovanilla,11,0,11,0,0.0,0.00,INSUFFICIENT
Pseudolepanthes,11,0,11,0,0.0,0.00,INSUFFICIENT
Acianthus,11,0,11,0,0.0,0.00,INSUFFICIENT
Aulosepalum,11,0,11,0,0.0,0.00,INSUFFICIENT
Mystacidium,11,0,11,0,0.0,0.00,INSUFFICIENT
Houlletia,11,0,11,0,0.0,0.00,INSUFFICIENT
Dilochia,11,0,11,0,0.0,0.00,INSUFFICIENT
Trichoceros,11,0,11,0,0.0,0.00,INSUFFICIENT
Cymboglossum,11,0,11,0,0.0,0.00,INSUFFICIENT
Peristeria,11,0,11,0,0.0,0.00,INSUFFICIENT
Tylostigma,10,0,10,0,0.0,0.00,INSUFFICIENT
Preptanthe,10,0,10,0,0.0,0.00,INSUFFICIENT
Rhizanthella,10,0,10,0,0.0,0.00,INSUFFICIENT
xOrchinea,10,0,10,0,0.0,0.00,INSUFFICIENT
Cuitlauzina,10,0,10,0,0.0,0.00,INSUFFICIENT
Biermannia,10,0,10,0,0.0,0.00,INSUFFICIENT
Didymoplexiella,10,0,10,0,0.0,0.00,INSUFFICIENT
Apostasia,10,2,8,39,3.9,82.98,INSUFFICIENT
Plectrophora,10,0,10,0,0.0,0.00,INSUFFICIENT
Phymatidium,10,0,10,0,0.0,0.00,INSUFFICIENT
Leptotes,10,0,10,0,0.0,0.00,INSUFFICIENT
Brownleea,10,0,10,0,0.0,0.00,INSUFFICIENT
Cyrtosia,10,0,10,0,0.0,0.00,INSUFFICIENT
Sertifera,10,0,10,0,0.0,0.00,INSUFFICIENT
Dimorphorchis,10,0,10,0,0.0,0.00,INSUFFICIENT
Stenorrhynchos,10,0,10,0,0.0,0.00,INSUFFICIENT
Stenotyla,10,0,10,0,0.0,0.00,INSUFFICIENT
Stereochilus,10,0,10,0,0.0,0.00,INSUFFICIENT
Corymborkis,9,0,9,0,0.0,0.00,INSUFFICIENT
Cryptochilus,9,0,9,0,0.0,0.00,INSUFFICIENT
Sirindhornia,9,0,9,0,0.0,0.00,INSUFFICIENT
Earina,9,0,9,0,0.0,0.00,INSUFFICIENT
Coccineorchis,9,0,9,0,0.0,0.00,INSUFFICIENT
Drymoanthus,9,0,9,0,0.0,0.00,INSUFFICIENT
Clowesia,9,0,9,0,0.0,0.00,INSUFFICIENT
Acriopsis,9,0,9,0,0.0,0.00,INSUFFICIENT
Acampe,9,0,9,0,0.0,0.00,INSUFFICIENT
Pelatantheria,9,0,9,0,0.0,0.00,INSUFFICIENT
Homalopetalum,9,0,9,0,0.0,0.00,INSUFFICIENT
Broughtonia,9,0,9,0,0.0,0.00,INSUFFICIENT
Hylophila,9,0,9,0,0.0,0.00,INSUFFICIENT
Madisonia,9,0,9,0,0.0,0.00,INSUFFICIENT
Cleisocentron,9,0,9,0,0.0,0.00,INSUFFICIENT
Ionopsis,9,0,9,0,0.0,0.00,INSUFFICIENT
Zygosepalum,9,0,9,0,0.0,0.00,INSUFFICIENT
Chaubardiella,9,0,9,0,0.0,0.00,INSUFFICIENT
Ixyophora,9,0,9,0,0.0,0.00,INSUFFICIENT
Oberonioides,9,0,9,0,0.0,0.00,INSUFFICIENT
Ceratandra,9,0,9,0,0.0,0.00,INSUFFICIENT
Roeperocharis,9,0,9,0,0.0,0.00,INSUFFICIENT
Sacoila,9,0,9,0,0.0,0.00,INSUFFICIENT
Megastylis,8,0,8,0,0.0,0.00,INSUFFICIENT
Danhatchia,8,0,8,0,0.0,0.00,INSUFFICIENT
Dimerandra,8,0,8,0,0.0,0.00,INSUFFICIENT
Draconanthes,8,0,8,0,0.0,0.00,INSUFFICIENT
Cremastra,8,0,8,0,0.0,0.00,INSUFFICIENT
Erycina,8,0,8,0,0.0,0.00,INSUFFICIENT
Galeoglossum,8,0,8,0,0.0,0.00,INSUFFICIENT
Coenoemersa,8,0,8,0,0.0,0.00,INSUFFICIENT
Cleistesiopsis,8,4,4,300,37.5,98.68,AI_READY
Cirrhaea,8,0,8,0,0.0,0.00,INSUFFICIENT
Kylicanthe,8,0,8,0,0.0,0.00,INSUFFICIENT
Neobathiea,8,0,8,0,0.0,0.00,INSUFFICIENT
Neotinea,8,0,8,0,0.0,0.00,INSUFFICIENT
Pendusalpinx,8,0,8,0,0.0,0.00,INSUFFICIENT
Poaephyllum,8,0,8,0,0.0,0.00,INSUFFICIENT
Pogonia,8,4,4,165,20.6,97.63,MINIMUM
Beloglottis,8,0,8,0,0.0,0.00,INSUFFICIENT
Quekettia,8,0,8,0,0.0,0.00,INSUFFICIENT
Aspasia,8,0,8,0,0.0,0.00,INSUFFICIENT
Stenoglottis,8,0,8,0,0.0,0.00,INSUFFICIENT
Stenoptera,8,0,8,0,0.0,0.00,INSUFFICIENT
Altensteinia,8,0,8,0,0.0,0.00,INSUFFICIENT
Uncifera,8,0,8,0,0.0,0.00,INSUFFICIENT
Solenocentrum,7,0,7,0,0.0,0.00,INSUFFICIENT
Cyrtostylis,7,0,7,0,0.0,0.00,INSUFFICIENT
Orleanesia,7,0,7,0,0.0,0.00,INSUFFICIENT
Nemaconia,7,0,7,0,0.0,0.00,INSUFFICIENT
xPseudorhiza,7,0,7,0,0.0,0.00,INSUFFICIENT
Galeola,7,0,7,0,0.0,0.00,INSUFFICIENT
Miltoniopsis,7,0,7,0,0.0,0.00,INSUFFICIENT
Schlimia,7,0,7,0,0.0,0.00,INSUFFICIENT
Constantia,7,0,7,0,0.0,0.00,INSUFFICIENT
Jejewoodia,7,0,7,0,0.0,0.00,INSUFFICIENT
Epipogium,7,0,7,0,0.0,0.00,INSUFFICIENT
Phloeophila,7,0,7,0,0.0,0.00,INSUFFICIENT
Sarcanthopsis,7,0,7,0,0.0,0.00,INSUFFICIENT
Tipularia,7,0,7,0,0.0,0.00,INSUFFICIENT
Ania,7,0,7,0,0.0,0.00,INSUFFICIENT
Trevoria,7,0,7,0,0.0,0.00,INSUFFICIENT
Diodonopsis,7,0,7,0,0.0,0.00,INSUFFICIENT
Calymmanthera,7,0,7,0,0.0,0.00,INSUFFICIENT
Chamaegastrodia,7,0,7,0,0.0,0.00,INSUFFICIENT
Solenangis,7,0,7,0,0.0,0.00,INSUFFICIENT
Yoania,6,0,6,0,0.0,0.00,INSUFFICIENT
Plectorrhiza,6,0,6,0,0.0,0.00,INSUFFICIENT
Bletilla,6,0,6,0,0.0,0.00,INSUFFICIENT
Mesadenus,6,0,6,0,0.0,0.00,INSUFFICIENT
Systeloglossum,6,0,6,0,0.0,0.00,INSUFFICIENT
Silvorchis,6,0,6,0,0.0,0.00,INSUFFICIENT
Domingoa,6,0,6,0,0.0,0.00,INSUFFICIENT
Dienia,6,0,6,0,0.0,0.00,INSUFFICIENT
Chondrorhyncha,6,0,6,0,0.0,0.00,INSUFFICIENT
Eriopsis,6,0,6,0,0.0,0.00,INSUFFICIENT
Pterostemma,6,0,6,0,0.0,0.00,INSUFFICIENT
Arpophyllum,6,0,6,0,0.0,0.00,INSUFFICIENT
Dilomilis,6,0,6,0,0.0,0.00,INSUFFICIENT
Batemannia,6,0,6,0,0.0,0.00,INSUFFICIENT
Oeonia,6,0,6,0,0.0,0.00,INSUFFICIENT
Daiotyla,6,0,6,0,0.0,0.00,INSUFFICIENT
Coelia,6,0,6,0,0.0,0.00,INSUFFICIENT
Chroniochilus,6,0,6,0,0.0,0.00,INSUFFICIENT
Caluera,6,0,6,0,0.0,0.00,INSUFFICIENT
Pyrorchis,6,0,6,0,0.0,0.00,INSUFFICIENT
Neobolusia,6,0,6,0,0.0,0.00,INSUFFICIENT
Calopogon,6,0,6,0,0.0,0.00,INSUFFICIENT
Echinorhyncha,6,0,6,0,0.0,0.00,INSUFFICIENT
Orchipedum,6,0,6,0,0.0,0.00,INSUFFICIENT
Dryadorchis,6,0,6,0,0.0,0.00,INSUFFICIENT
Evotella,6,0,6,0,0.0,0.00,INSUFFICIENT
Grobya,6,0,6,0,0.0,0.00,INSUFFICIENT
Cephalantheropsis,6,0,6,0,0.0,0.00,INSUFFICIENT
xBrassocattleya,6,0,6,0,0.0,0.00,INSUFFICIENT
Paraphalaenopsis,6,0,6,0,0.0,0.00,INSUFFICIENT
Pabstia,6,0,6,0,0.0,0.00,INSUFFICIENT
xOrchidactylorhiza,6,0,6,0,0.0,0.00,INSUFFICIENT
Huttonaea,6,0,6,0,0.0,0.00,INSUFFICIENT
Guarianthe,6,0,6,0,0.0,0.00,INSUFFICIENT
Lycomormium,6,1,5,17,2.8,77.27,INSUFFICIENT
Oestlundia,5,0,5,0,0.0,0.00,INSUFFICIENT
Pseudorchis,5,0,5,0,0.0,0.00,INSUFFICIENT
Psychopsis,5,0,5,0,0.0,0.00,INSUFFICIENT
Auxopus,5,0,5,0,0.0,0.00,INSUFFICIENT
Kegeliella,5,0,5,0,0.0,0.00,INSUFFICIENT
Quisqueya,5,0,5,0,0.0,0.00,INSUFFICIENT
Sobennikoffia,5,0,5,0,0.0,0.00,INSUFFICIENT
Eurycentrum,5,0,5,0,0.0,0.00,INSUFFICIENT
Warreopsis,5,0,5,0,0.0,0.00,INSUFFICIENT
Cryptopus,5,0,5,0,0.0,0.00,INSUFFICIENT
Warmingia,5,0,5,0,0.0,0.00,INSUFFICIENT
Saccolabium,5,0,5,0,0.0,0.00,INSUFFICIENT
Campanulorchis,5,0,5,0,0.0,0.00,INSUFFICIENT
Odontorrhynchus,5,0,5,0,0.0,0.00,INSUFFICIENT
Chamaeanthus,5,0,5,0,0.0,0.00,INSUFFICIENT
Vitekorchis,5,0,5,0,0.0,0.00,INSUFFICIENT
Chrysoglossum,5,0,5,0,0.0,0.00,INSUFFICIENT
Dinklageella,5,0,5,0,0.0,0.00,INSUFFICIENT
xDactylitella,5,0,5,0,0.0,0.00,INSUFFICIENT
Callostylis,5,0,5,0,0.0,0.00,INSUFFICIENT
Isabelia,5,0,5,0,0.0,0.00,INSUFFICIENT
Orestias,5,0,5,0,0.0,0.00,INSUFFICIENT
Veyretella,5,0,5,0,0.0,0.00,INSUFFICIENT
xDactylanthera,5,0,5,0,0.0,0.00,INSUFFICIENT
Buchtienia,5,0,5,0,0.0,0.00,INSUFFICIENT
Uleiorchis,5,0,5,0,0.0,0.00,INSUFFICIENT
Diplomeris,5,0,5,0,0.0,0.00,INSUFFICIENT
Aganisia,5,0,5,0,0.0,0.00,INSUFFICIENT
Paradisanthus,5,0,5,0,0.0,0.00,INSUFFICIENT
Monophyllorchis,5,0,5,0,0.0,0.00,INSUFFICIENT
Lemurella,5,0,5,0,0.0,0.00,INSUFFICIENT
Townsonia,5,0,5,0,0.0,0.00,INSUFFICIENT
Helonoma,5,0,5,0,0.0,0.00,INSUFFICIENT
Thunia,5,0,5,0,0.0,0.00,INSUFFICIENT
Bolusiella,5,0,5,0,0.0,0.00,INSUFFICIENT
Tamayorkis,5,0,5,0,0.0,0.00,INSUFFICIENT
Strongyleria,5,0,5,0,0.0,0.00,INSUFFICIENT
Graphorkis,5,0,5,0,0.0,0.00,INSUFFICIENT
xPseuditella,5,0,5,0,0.0,0.00,INSUFFICIENT
Calyptrochilum,4,0,4,0,0.0,0.00,INSUFFICIENT
Cochleanthes,4,0,4,0,0.0,0.00,INSUFFICIENT
Centrostigma,4,0,4,0,0.0,0.00,INSUFFICIENT
Sarcophyton,4,0,4,0,0.0,0.00,INSUFFICIENT
Thysanoglossa,4,0,4,0,0.0,0.00,INSUFFICIENT
Clematepistephium,4,1,3,5,1.2,62.50,INSUFFICIENT
Pheladenia,4,0,4,0,0.0,0.00,INSUFFICIENT
Sarcorhynchus,4,0,4,0,0.0,0.00,INSUFFICIENT
Sphyrarhynchus,4,0,4,0,0.0,0.00,INSUFFICIENT
Gennaria,4,0,4,0,0.0,0.00,INSUFFICIENT
Seegeriella,4,0,4,0,0.0,0.00,INSUFFICIENT
Chytroglossa,4,0,4,0,0.0,0.00,INSUFFICIENT
Physogyne,4,0,4,0,0.0,0.00,INSUFFICIENT
Cryptarrhena,4,0,4,0,0.0,0.00,INSUFFICIENT
Gonatostylis,4,0,4,0,0.0,0.00,INSUFFICIENT
Elythranthera,4,0,4,0,0.0,0.00,INSUFFICIENT
Amesiella,4,0,4,0,0.0,0.00,INSUFFICIENT
Dracomonticola,4,0,4,0,0.0,0.00,INSUFFICIENT
Ludisia,4,0,4,0,0.0,0.00,INSUFFICIENT
Rhynchostylis,4,0,4,0,0.0,0.00,INSUFFICIENT
Smithsonia,4,0,4,0,0.0,0.00,INSUFFICIENT
Warrea,4,0,4,0,0.0,0.00,INSUFFICIENT
Svenkoeltzia,4,0,4,0,0.0,0.00,INSUFFICIENT
Halleorchis,4,0,4,0,0.0,0.00,INSUFFICIENT
Smitinandia,4,0,4,0,0.0,0.00,INSUFFICIENT
Atopoglossum,4,0,4,0,0.0,0.00,INSUFFICIENT
Cyanaeorchis,4,0,4,0,0.0,0.00,INSUFFICIENT
Bidoupia,4,0,4,0,0.0,0.00,INSUFFICIENT
xOrchimantoglossum,4,0,4,0,0.0,0.00,INSUFFICIENT
Podangis,4,0,4,0,0.0,0.00,INSUFFICIENT
Restrepiella,4,0,4,0,0.0,0.00,INSUFFICIENT
Danxiaorchis,4,0,4,0,0.0,0.00,INSUFFICIENT
xGymnanacamptis,4,0,4,0,0.0,0.00,INSUFFICIENT
Greenwoodiella,4,0,4,0,0.0,0.00,INSUFFICIENT
Chaubardia,4,0,4,0,0.0,0.00,INSUFFICIENT
Rauhiella,4,0,4,0,0.0,0.00,INSUFFICIENT
xPseudadenia,4,0,4,0,0.0,0.00,INSUFFICIENT
Achlydosa,4,0,4,0,0.0,0.00,INSUFFICIENT
Aporostylis,4,0,4,0,0.0,0.00,INSUFFICIENT
xNeotinacamptis,4,0,4,0,0.0,0.00,INSUFFICIENT
Ecuadorella,4,0,4,0,0.0,0.00,INSUFFICIENT
Lueddemannia,4,0,4,0,0.0,0.00,INSUFFICIENT
Pachystoma,4,0,4,0,0.0,0.00,INSUFFICIENT
Pachyplectron,4,0,4,0,0.0,0.00,INSUFFICIENT
Eggelingia,4,0,4,0,0.0,0.00,INSUFFICIENT
Diglyphosa,4,0,4,0,0.0,0.00,INSUFFICIENT
Cymbilabia,4,0,4,0,0.0,0.00,INSUFFICIENT
Solenidium,4,0,4,0,0.0,0.00,INSUFFICIENT
Cyrtochiloides,4,0,4,0,0.0,0.00,INSUFFICIENT
Vargasiella,4,0,4,0,0.0,0.00,INSUFFICIENT
Praecoxanthus,4,0,4,0,0.0,0.00,INSUFFICIENT
Hofmeisterella,4,0,4,0,0.0,0.00,INSUFFICIENT
Triceratorhynchus,4,0,4,0,0.0,0.00,INSUFFICIENT
Aziza,4,0,4,0,0.0,0.00,INSUFFICIENT
Ipsea,4,0,4,0,0.0,0.00,INSUFFICIENT
Limodorum,3,0,3,0,0.0,0.00,INSUFFICIENT
Changnienia,3,0,3,0,0.0,0.00,INSUFFICIENT
Manniella,3,0,3,0,0.0,0.00,INSUFFICIENT
Meiracyllium,3,0,3,0,0.0,0.00,INSUFFICIENT
Mexipedium,3,0,3,0,0.0,0.00,INSUFFICIENT
Lacaena,3,0,3,0,0.0,0.00,INSUFFICIENT
Neocogniauxia,3,0,3,0,0.0,0.00,INSUFFICIENT
Caularthron,3,0,3,0,0.0,0.00,INSUFFICIENT
Kipandiorchis,3,0,3,0,0.0,0.00,INSUFFICIENT
Nephrangis,3,0,3,0,0.0,0.00,INSUFFICIENT
Kionophyton,3,0,3,0,0.0,0.00,INSUFFICIENT
Nidema,3,0,3,0,0.0,0.00,INSUFFICIENT
Nothostele,3,0,3,0,0.0,0.00,INSUFFICIENT
Claderia,3,0,3,0,0.0,0.00,INSUFFICIENT
Oeoniella,3,0,3,0,0.0,0.00,INSUFFICIENT
Oligophyton,3,0,3,0,0.0,0.00,INSUFFICIENT
Omoea,3,0,3,0,0.0,0.00,INSUFFICIENT
Isotria,3,3,0,223,74.3,100.00,AI_READY
Opilionanthe,3,0,3,0,0.0,0.00,INSUFFICIENT
Orthoceras,3,0,3,0,0.0,0.00,INSUFFICIENT
Otostylis,3,0,3,0,0.0,0.00,INSUFFICIENT
Pachites,3,0,3,0,0.0,0.00,INSUFFICIENT
Paraholcoglossum,3,0,3,0,0.0,0.00,INSUFFICIENT
Cleisomeria,3,0,3,0,0.0,0.00,INSUFFICIENT
xOrchigymnadenia,3,0,3,0,0.0,0.00,INSUFFICIENT
Hoehneella,3,0,3,0,0.0,0.00,INSUFFICIENT
Cleisostomopsis,3,0,3,0,0.0,0.00,INSUFFICIENT
Helleriella,3,0,3,0,0.0,0.00,INSUFFICIENT
Hederorkis,3,0,3,0,0.0,0.00,INSUFFICIENT
Hagsatera,3,0,3,0,0.0,0.00,INSUFFICIENT
Pogoniopsis,3,0,3,0,0.0,0.00,INSUFFICIENT
Ponera,3,0,3,0,0.0,0.00,INSUFFICIENT
Beclardia,3,0,3,0,0.0,0.00,INSUFFICIENT
Porphyrostachys,3,0,3,0,0.0,0.00,INSUFFICIENT
Porrorhachis,3,0,3,0,0.0,0.00,INSUFFICIENT
Grammangis,3,0,3,0,0.0,0.00,INSUFFICIENT
Codonorchis,3,0,3,0,0.0,0.00,INSUFFICIENT
Bambuseria,3,0,3,0,0.0,0.00,INSUFFICIENT
Pseudogoodyera,3,0,3,0,0.0,0.00,INSUFFICIENT
Galeottiella,3,0,3,0,0.0,0.00,INSUFFICIENT
Frondaria,3,0,3,0,0.0,0.00,INSUFFICIENT
Pygmaeorchis,3,0,3,0,0.0,0.00,INSUFFICIENT
Eurychone,3,0,3,0,0.0,0.00,INSUFFICIENT
Rhynchogyna,3,0,3,0,0.0,0.00,INSUFFICIENT
Rhyncholaelia,3,0,3,0,0.0,0.00,INSUFFICIENT
Euryblema,3,0,3,0,0.0,0.00,INSUFFICIENT
Espinhassoa,3,0,3,0,0.0,0.00,INSUFFICIENT
Erythrorchis,3,0,3,0,0.0,0.00,INSUFFICIENT
Sanderella,3,1,2,1,0.3,33.33,INSUFFICIENT
Sansonia,3,0,3,0,0.0,0.00,INSUFFICIENT
Seidenfadeniella,3,0,3,0,0.0,0.00,INSUFFICIENT
Epiblema,3,0,3,0,0.0,0.00,INSUFFICIENT
Ephippianthus,3,0,3,0,0.0,0.00,INSUFFICIENT
Sirhookera,3,0,3,0,0.0,0.00,INSUFFICIENT
Embreea,3,0,3,0,0.0,0.00,INSUFFICIENT
Steveniella,3,0,3,0,0.0,0.00,INSUFFICIENT
Dyakia,3,0,3,0,0.0,0.00,INSUFFICIENT
Summerhayesia,3,0,3,0,0.0,0.00,INSUFFICIENT
Sutrina,3,0,3,0,0.0,0.00,INSUFFICIENT
Ancistrochilus,3,0,3,0,0.0,0.00,INSUFFICIENT
Amoana,3,0,3,0,0.0,0.00,INSUFFICIENT
Thecopus,3,0,3,0,0.0,0.00,INSUFFICIENT
Traunsteinera,3,0,3,0,0.0,0.00,INSUFFICIENT
Discyphus,3,0,3,0,0.0,0.00,INSUFFICIENT
Cypholoron,3,0,3,0,0.0,0.00,INSUFFICIENT
Aenhenrya,3,0,3,0,0.0,0.00,INSUFFICIENT
Diploprora,3,0,3,0,0.0,0.00,INSUFFICIENT
Adenochilus,3,0,3,0,0.0,0.00,INSUFFICIENT
Diplocentrum,3,0,3,0,0.0,0.00,INSUFFICIENT
Dactylostalix,3,0,3,0,0.0,0.00,INSUFFICIENT
Vandopsis,3,0,3,0,0.0,0.00,INSUFFICIENT
Dinema,3,0,3,0,0.0,0.00,INSUFFICIENT
Warreella,3,0,3,0,0.0,0.00,INSUFFICIENT
Wullschlaegelia,3,0,3,0,0.0,0.00,INSUFFICIENT
Xerorchis,3,0,3,0,0.0,0.00,INSUFFICIENT
xCephalopactis,3,0,3,0,0.0,0.00,INSUFFICIENT
xGymplatanthera,3,0,3,0,0.0,0.00,INSUFFICIENT
xHolcosia,3,0,3,0,0.0,0.00,INSUFFICIENT
Lyperanthus,3,0,3,0,0.0,0.00,INSUFFICIENT
Lyroglossa,3,0,3,0,0.0,0.00,INSUFFICIENT
Fuertesiella,2,0,2,0,0.0,0.00,INSUFFICIENT
Dichromanthus,2,0,2,0,0.0,0.00,INSUFFICIENT
Mobilabium,2,0,2,0,0.0,0.00,INSUFFICIENT
Risleya,2,0,2,0,0.0,0.00,INSUFFICIENT
Rimacola,2,0,2,0,0.0,0.00,INSUFFICIENT
xAckersteinia,2,0,2,0,0.0,0.00,INSUFFICIENT
Diceratostele,2,0,2,0,0.0,0.00,INSUFFICIENT
Ridleyella,2,0,2,0,0.0,0.00,INSUFFICIENT
xPseudanthera,2,0,2,0,0.0,0.00,INSUFFICIENT
Rhinerrhiza,2,0,2,0,0.0,0.00,INSUFFICIENT
Quechua,2,0,2,0,0.0,0.00,INSUFFICIENT
Pupulinia,2,0,2,0,0.0,0.00,INSUFFICIENT
Cooktownia,2,0,2,0,0.0,0.00,INSUFFICIENT
Sophronitella,2,0,2,0,0.0,0.00,INSUFFICIENT
Soterosanthus,2,0,2,0,0.0,0.00,INSUFFICIENT
Sotoa,2,0,2,0,0.0,0.00,INSUFFICIENT
Aplectrum,2,0,2,0,0.0,0.00,INSUFFICIENT
Eleorchis,2,0,2,0,0.0,0.00,INSUFFICIENT
Psychopsiella,2,0,2,0,0.0,0.00,INSUFFICIENT
Spiculaea,2,0,2,0,0.0,0.00,INSUFFICIENT
Anthogonium,2,0,2,0,0.0,0.00,INSUFFICIENT
Ansellia,2,0,2,0,0.0,0.00,INSUFFICIENT
Coilochilus,2,0,2,0,0.0,0.00,INSUFFICIENT
Stellamaris,2,0,2,0,0.0,0.00,INSUFFICIENT
Coeliopsis,2,0,2,0,0.0,0.00,INSUFFICIENT
Pridgeonia,2,0,2,0,0.0,0.00,INSUFFICIENT
Porphyroglottis,2,0,2,0,0.0,0.00,INSUFFICIENT
Eclecticus,2,0,2,0,0.0,0.00,INSUFFICIENT
Gravendeelia,2,0,2,0,0.0,0.00,INSUFFICIENT
Stereosandra,2,0,2,0,0.0,0.00,INSUFFICIENT
Lemurorchis,2,0,2,0,0.0,0.00,INSUFFICIENT
Listrostachys,2,0,2,0,0.0,0.00,INSUFFICIENT
xOrchiplatanthera,2,0,2,0,0.0,0.00,INSUFFICIENT
Polyotidium,2,0,2,0,0.0,0.00,INSUFFICIENT
xSerapirhiza,2,0,2,0,0.0,0.00,INSUFFICIENT
Suarezia,2,0,2,0,0.0,0.00,INSUFFICIENT
Ceratocentron,2,0,2,0,0.0,0.00,INSUFFICIENT
Microthelys,2,0,2,0,0.0,0.00,INSUFFICIENT
Plectrelminthus,2,0,2,0,0.0,0.00,INSUFFICIENT
Platyrhiza,2,0,2,0,0.0,0.00,INSUFFICIENT
Devogelia,2,0,2,0,0.0,0.00,INSUFFICIENT
Degranvillea,2,0,2,0,0.0,0.00,INSUFFICIENT
Hammarbya,2,0,2,0,0.0,0.00,INSUFFICIENT
Taprobanea,2,0,2,0,0.0,0.00,INSUFFICIENT
Hancockia,2,0,2,0,0.0,0.00,INSUFFICIENT
Haraella,2,0,2,0,0.0,0.00,INSUFFICIENT
Dossinia,2,0,2,0,0.0,0.00,INSUFFICIENT
Thaia,2,0,2,0,0.0,0.00,INSUFFICIENT
Lepidogyne,2,0,2,0,0.0,0.00,INSUFFICIENT
Thecostele,2,0,2,0,0.0,0.00,INSUFFICIENT
Ambrella,2,0,2,0,0.0,0.00,INSUFFICIENT
Planetangis,2,0,2,0,0.0,0.00,INSUFFICIENT
Thelyschista,2,0,2,0,0.0,0.00,INSUFFICIENT
Pilophyllum,2,0,2,0,0.0,0.00,INSUFFICIENT
Thulinia,2,0,2,0,0.0,0.00,INSUFFICIENT
Phragmorchis,2,0,2,0,0.0,0.00,INSUFFICIENT
Thuniopsis,2,0,2,0,0.0,0.00,INSUFFICIENT
Braemia,2,0,2,0,0.0,0.00,INSUFFICIENT
Herpysma,2,0,2,0,0.0,0.00,INSUFFICIENT
Tomzanonia,2,0,2,0,0.0,0.00,INSUFFICIENT
Hintonella,2,0,2,0,0.0,0.00,INSUFFICIENT
Cybebus,2,0,2,0,0.0,0.00,INSUFFICIENT
Deceptor,2,0,2,0,0.0,0.00,INSUFFICIENT
Peristeranthus,2,0,2,0,0.0,0.00,INSUFFICIENT
Horichia,2,0,2,0,0.0,0.00,INSUFFICIENT
xGymnotraunsteinera,2,0,2,0,0.0,0.00,INSUFFICIENT
Papuaea,2,0,2,0,0.0,0.00,INSUFFICIENT
Aetheorhyncha,2,0,2,0,0.0,0.00,INSUFFICIENT
Leptoceras,2,0,2,0,0.0,0.00,INSUFFICIENT
xHerminorchis,2,0,2,0,0.0,0.00,INSUFFICIENT
Adrorhizon,2,0,2,0,0.0,0.00,INSUFFICIENT
Chamorchis,2,0,2,0,0.0,0.00,INSUFFICIENT
Hsenhsua,2,0,2,0,0.0,0.00,INSUFFICIENT
Trizeuxis,2,0,2,0,0.0,0.00,INSUFFICIENT
Mengzia,2,0,2,0,0.0,0.00,INSUFFICIENT
Megalorchis,2,0,2,0,0.0,0.00,INSUFFICIENT
Imerinaea,2,0,2,0,0.0,0.00,INSUFFICIENT
Lueckelia,2,0,2,0,0.0,0.00,INSUFFICIENT
Adamantinia,2,0,2,0,0.0,0.00,INSUFFICIENT
Leporella,2,0,2,0,0.0,0.00,INSUFFICIENT
Acrorchis,2,0,2,0,0.0,0.00,INSUFFICIENT
Burnettia,2,0,2,0,0.0,0.00,INSUFFICIENT
Vasqueziella,2,0,2,0,0.0,0.00,INSUFFICIENT
Caleana,2,0,2,0,0.0,0.00,INSUFFICIENT
Ophioglossella,2,0,2,0,0.0,0.00,INSUFFICIENT
Luerella,2,0,2,0,0.0,0.00,INSUFFICIENT
Waireia,2,0,2,0,0.0,0.00,INSUFFICIENT
Calypso,2,0,2,0,0.0,0.00,INSUFFICIENT
Notyliopsis,2,0,2,0,0.0,0.00,INSUFFICIENT
Nohawilliamsia,2,0,2,0,0.0,0.00,INSUFFICIENT
Cheiradenia,2,0,2,0,0.0,0.00,INSUFFICIENT
Cardiochilos,2,0,2,0,0.0,0.00,INSUFFICIENT
Loefgrenianthus,2,0,2,0,0.0,0.00,INSUFFICIENT
Chamelophyton,2,0,2,0,0.0,0.00,INSUFFICIENT
Neomoorea,2,0,2,0,0.0,0.00,INSUFFICIENT
Ypsilorchis,2,0,2,0,0.0,0.00,INSUFFICIENT
Zelenkoa,2,0,2,0,0.0,0.00,INSUFFICIENT
Neogardneria,2,0,2,0,0.0,0.00,INSUFFICIENT
xNeotinarhiza,2,0,2,0,0.0,0.00,INSUFFICIENT
Eriaxis,2,1,1,92,46.0,98.92,AI_READY
Cottonia,2,0,2,0,0.0,0.00,INSUFFICIENT
Santotomasia,2,0,2,0,0.0,0.00,INSUFFICIENT
Arethusa,2,0,2,0,0.0,0.00,INSUFFICIENT
Cotylolabium,2,0,2,0,0.0,0.00,INSUFFICIENT
Archivea,2,0,2,0,0.0,0.00,INSUFFICIENT
Santanderella,2,0,2,0,0.0,0.00,INSUFFICIENT
Crossoliparis,2,0,2,0,0.0,0.00,INSUFFICIENT
Eriodes,2,0,2,0,0.0,0.00,INSUFFICIENT
Aracamunia,2,0,2,0,0.0,0.00,INSUFFICIENT
Schuitemania,2,0,2,0,0.0,0.00,INSUFFICIENT
Schunkea,2,0,2,0,0.0,0.00,INSUFFICIENT
Artorima,2,0,2,0,0.0,0.00,INSUFFICIENT
Seidenfadenia,2,0,2,0,0.0,0.00,INSUFFICIENT
Sophrolaeliocattleya,1,0,1,0,0.0,0.00,INSUFFICIENT
Iwanagaara,1,0,1,0,0.0,0.00,INSUFFICIENT
Brassolaeliocattleya,1,0,1,0,0.0,0.00,INSUFFICIENT
Potinara,1,0,1,0,0.0,0.00,INSUFFICIENT
Rhyncholaeliocattleya,1,0,1,0,0.0,0.00,INSUFFICIENT
Laeliocattleya,1,0,1,0,0.0,0.00,INSUFFICIENT
Erasanthe,1,0,1,0,0.0,0.00,INSUFFICIENT
Alamania,1,0,1,0,0.0,0.00,INSUFFICIENT
Dilochopsis,1,0,1,0,0.0,0.00,INSUFFICIENT
Arundina,1,0,1,0,0.0,0.00,INSUFFICIENT
Intergeneric,1,0,1,0,0.0,0.00,INSUFFICIENT
Dilochiopsis,1,0,1,0,0.0,0.00,INSUFFICIENT
