observation_id,species,genus,family,common_name,quality_grade,license,image_url,image_filename,latitude,longitude,location,country,observed_on,user,num_identification_agreements,captive
324435463,Thelymitra pauciflora,,,slender sun-orchid,research,cc-by-nc,https://inaturalist-open-data.s3.amazonaws.com/photos/587214632/original.jpg,inat_324435463_Thelymitra_pauciflora_1.jpg,-37.6264995044,143.5885792467,"Victoria, AU",AU,2025-11-02,emma6189,1,False
324435298,Calochilus robertsonii,,,Purple Beard Orchid,research,cc-by-nc,https://inaturalist-open-data.s3.amazonaws.com/photos/587214208/original.jpg,inat_324435298_Calochilus_robertsonii_1.jpg,-33.1873033333,149.1592861667,"Mullion Range State Conservation Area, Ophir, NSW, AU",AU,2025-11-02,msydes,1,False
324435298,Calochilus robertsonii,,,Purple Beard Orchid,research,cc-by-nc,https://inaturalist-open-data.s3.amazonaws.com/photos/587214237/original.jpg,inat_324435298_Calochilus_robertsonii_2.jpg,-33.1873033333,149.1592861667,"Mullion Range State Conservation Area, Ophir, NSW, AU",AU,2025-11-02,msydes,1,False
324435298,Calochilus robertsonii,,,Purple Beard Orchid,research,cc-by-nc,https://inaturalist-open-data.s3.amazonaws.com/photos/587214258/original.jpg,inat_324435298_Calochilus_robertsonii_3.jpg,-33.1873033333,149.1592861667,"Mullion Range State Conservation Area, Ophir, NSW, AU",AU,2025-11-02,msydes,1,False
324432373,Cypripedium acaule,,,pink lady's slipper,research,cc-by-nc,https://inaturalist-open-data.s3.amazonaws.com/photos/587202761/original.jpg,inat_324432373_Cypripedium_acaule_1.jpg,45.2564238101,-77.2690773006,"Renfrew County, ON, Canada",Canada,2025-06-07,bogend,1,False
324432373,Cypripedium acaule,,,pink lady's slipper,research,cc-by-nc,https://inaturalist-open-data.s3.amazonaws.com/photos/587202776/original.jpg,inat_324432373_Cypripedium_acaule_2.jpg,45.2564238101,-77.2690773006,"Renfrew County, ON, Canada",Canada,2025-06-07,bogend,1,False
324431866,Caladenia tentaculata,,,eastern mantis orchid,research,cc-by-nc,https://inaturalist-open-data.s3.amazonaws.com/photos/587206829/original.jpg,inat_324431866_Caladenia_tentaculata_1.jpg,-34.9992389325,138.6463269499,"Lodge Tk, Belair, SA, AU",AU,2025-10-26,dh9375,1,False
324431866,Caladenia tentaculata,,,eastern mantis orchid,research,cc-by-nc,https://inaturalist-open-data.s3.amazonaws.com/photos/587206858/original.jpg,inat_324431866_Caladenia_tentaculata_2.jpg,-34.9992389325,138.6463269499,"Lodge Tk, Belair, SA, AU",AU,2025-10-26,dh9375,1,False
324431866,Caladenia tentaculata,,,eastern mantis orchid,research,cc-by-nc,https://inaturalist-open-data.s3.amazonaws.com/photos/587207120/original.jpg,inat_324431866_Caladenia_tentaculata_3.jpg,-34.9992389325,138.6463269499,"Lodge Tk, Belair, SA, AU",AU,2025-10-26,dh9375,1,False
324431866,Caladenia tentaculata,,,eastern mantis orchid,research,cc-by-nc,https://inaturalist-open-data.s3.amazonaws.com/photos/587206919/original.jpg,inat_324431866_Caladenia_tentaculata_4.jpg,-34.9992389325,138.6463269499,"Lodge Tk, Belair, SA, AU",AU,2025-10-26,dh9375,1,False
324431866,Caladenia tentaculata,,,eastern mantis orchid,research,cc-by-nc,https://inaturalist-open-data.s3.amazonaws.com/photos/587206940/original.jpg,inat_324431866_Caladenia_tentaculata_5.jpg,-34.9992389325,138.6463269499,"Lodge Tk, Belair, SA, AU",AU,2025-10-26,dh9375,1,False
324431866,Caladenia tentaculata,,,eastern mantis orchid,research,cc-by-nc,https://inaturalist-open-data.s3.amazonaws.com/photos/587207099/original.jpg,inat_324431866_Caladenia_tentaculata_6.jpg,-34.9992389325,138.6463269499,"Lodge Tk, Belair, SA, AU",AU,2025-10-26,dh9375,1,False
324431866,Caladenia tentaculata,,,eastern mantis orchid,research,cc-by-nc,https://inaturalist-open-data.s3.amazonaws.com/photos/587206927/original.jpg,inat_324431866_Caladenia_tentaculata_7.jpg,-34.9992389325,138.6463269499,"Lodge Tk, Belair, SA, AU",AU,2025-10-26,dh9375,1,False
324431866,Caladenia tentaculata,,,eastern mantis orchid,research,cc-by-nc,https://inaturalist-open-data.s3.amazonaws.com/photos/587207062/original.jpg,inat_324431866_Caladenia_tentaculata_8.jpg,-34.9992389325,138.6463269499,"Lodge Tk, Belair, SA, AU",AU,2025-10-26,dh9375,1,False
324431866,Caladenia tentaculata,,,eastern mantis orchid,research,cc-by-nc,https://inaturalist-open-data.s3.amazonaws.com/photos/587207197/original.jpg,inat_324431866_Caladenia_tentaculata_9.jpg,-34.9992389325,138.6463269499,"Lodge Tk, Belair, SA, AU",AU,2025-10-26,dh9375,1,False
324431866,Caladenia tentaculata,,,eastern mantis orchid,research,cc-by-nc,https://inaturalist-open-data.s3.amazonaws.com/photos/587207213/original.jpg,inat_324431866_Caladenia_tentaculata_10.jpg,-34.9992389325,138.6463269499,"Lodge Tk, Belair, SA, AU",AU,2025-10-26,dh9375,1,False
324431866,Caladenia tentaculata,,,eastern mantis orchid,research,cc-by-nc,https://inaturalist-open-data.s3.amazonaws.com/photos/587207221/original.jpg,inat_324431866_Caladenia_tentaculata_11.jpg,-34.9992389325,138.6463269499,"Lodge Tk, Belair, SA, AU",AU,2025-10-26,dh9375,1,False
324431643,Caleana major,,,Large Flying Duck Orchid,research,cc-by-nc-sa,https://inaturalist-open-data.s3.amazonaws.com/photos/587205238/original.jpg,inat_324431643_Caleana_major_1.jpg,-37.6191790329,142.3418800915,"Dunkeld VIC 3294, Australia",Australia,2025-10-15,elusiveorchids,1,False
324428442,Caladenia tentaculata,,,eastern mantis orchid,research,cc-by-nc,https://inaturalist-open-data.s3.amazonaws.com/photos/587199098/original.jpg,inat_324428442_Caladenia_tentaculata_1.jpg,-38.3247757555,144.1515542606,"Victoria, AU",AU,2025-11-02,alisonwatson,1,False
324428247,Disa bracteata,,,Bract Disa,research,cc-by-nc,https://inaturalist-open-data.s3.amazonaws.com/photos/587198962/original.jpg,inat_324428247_Disa_bracteata_1.jpg,-38.1440089103,144.7001327501,"Annmaree Dr, Indented Head, VIC, AU",AU,2025-11-02,haybales90,1,False
324428196,Arundina graminifolia,,,Bamboo Orchid,research,cc-by-nc,https://inaturalist-open-data.s3.amazonaws.com/photos/587198427/original.jpg,inat_324428196_Arundina_graminifolia_1.jpg,21.3454216667,-157.8057866667,"Kailua, HI, US",US,2025-11-01,faerthen,1,False
