observation_id,uuid,observation_url,created_at,updated_at,kingdom,phylum,class,order,family,subfamily,tribe,genus,species,subspecies,variety,taxon_id,taxon_rank,taxon_rank_level,ancestry,common_name,native,introduced,endemic,threatened,extinct,captive,latitude,longitude,positional_accuracy,location_description,country,state_province,county,place_guess,elevation_meters,coordinate_uncertainty,observed_on,observed_time,time_zone,quality_grade,num_identification_agreements,num_identification_disagreements,identifications_count,community_taxon_match,observer_username,observer_id,photo_count,image_url,image_filename,photo_license,photo_attribution,wikipedia_url,observations_count_species,description,tags,annotations
324435463,eb557b59-bd48-4baa-af9a-85b84f918e5a,https://www.inaturalist.org/observations/324435463,2025-11-02T12:47:34+11:00,2025-11-02T12:58:22+11:00,,,,,,,,,Thelymitra pauciflora,,,406514,species,10,48460/47126/211194/47125/47163/47218/47217/738348/752416/796666/54686,slender sun-orchid,True,False,False,False,False,False,-37.6264995044,143.5885792467,5,"Victoria, AU",AU,Victoria,,"Victoria, AU",,28359,2025-11-02,2025-11-02T12:25:13+11:00,Australia/Melbourne,research,1,0,2,True,emma6189,6289615,1,https://inaturalist-open-data.s3.amazonaws.com/photos/587214632/original.jpg,inat_324435463_Thelymitra_pauciflora_1.jpg,cc-by-nc,"(c) emma6189, some rights reserved (CC BY-NC)",http://en.wikipedia.org/wiki/Thelymitra_pauciflora,1261,,,[]
324435298,56f0aec9-7e19-4ec5-bfb6-6ec33b62ff8d,https://www.inaturalist.org/observations/324435298,2025-11-02T12:46:00+11:00,2025-11-02T12:49:21+11:00,,,,,,,,,Calochilus robertsonii,,,83369,species,10,48460/47126/211194/47125/47163/47218/47217/738348/752416/796666/83370,Purple Beard Orchid,False,False,False,False,False,False,-33.1873033333,149.1592861667,4,"Mullion Range State Conservation Area, Ophir, NSW, AU",AU,NSW,Ophir,"Mullion Range State Conservation Area, Ophir, NSW, AU",,4,2025-11-02,2025-11-02T11:30:24+11:00,Australia/Sydney,research,1,0,2,True,msydes,5263397,3,https://inaturalist-open-data.s3.amazonaws.com/photos/587214208/original.jpg,inat_324435298_Calochilus_robertsonii_1.jpg,cc-by-nc,"(c) Marita Sydes, some rights reserved (CC BY-NC)",https://en.wikipedia.org/wiki/Calochilus_robertsonii,3112,Calochilus platychilus as per Bower and Medd,,[]
324435298,56f0aec9-7e19-4ec5-bfb6-6ec33b62ff8d,https://www.inaturalist.org/observations/324435298,2025-11-02T12:46:00+11:00,2025-11-02T12:49:21+11:00,,,,,,,,,Calochilus robertsonii,,,83369,species,10,48460/47126/211194/47125/47163/47218/47217/738348/752416/796666/83370,Purple Beard Orchid,False,False,False,False,False,False,-33.1873033333,149.1592861667,4,"Mullion Range State Conservation Area, Ophir, NSW, AU",AU,NSW,Ophir,"Mullion Range State Conservation Area, Ophir, NSW, AU",,4,2025-11-02,2025-11-02T11:30:24+11:00,Australia/Sydney,research,1,0,2,True,msydes,5263397,3,https://inaturalist-open-data.s3.amazonaws.com/photos/587214237/original.jpg,inat_324435298_Calochilus_robertsonii_2.jpg,cc-by-nc,"(c) Marita Sydes, some rights reserved (CC BY-NC)",https://en.wikipedia.org/wiki/Calochilus_robertsonii,3112,Calochilus platychilus as per Bower and Medd,,[]
324435298,56f0aec9-7e19-4ec5-bfb6-6ec33b62ff8d,https://www.inaturalist.org/observations/324435298,2025-11-02T12:46:00+11:00,2025-11-02T12:49:21+11:00,,,,,,,,,Calochilus robertsonii,,,83369,species,10,48460/47126/211194/47125/47163/47218/47217/738348/752416/796666/83370,Purple Beard Orchid,False,False,False,False,False,False,-33.1873033333,149.1592861667,4,"Mullion Range State Conservation Area, Ophir, NSW, AU",AU,NSW,Ophir,"Mullion Range State Conservation Area, Ophir, NSW, AU",,4,2025-11-02,2025-11-02T11:30:24+11:00,Australia/Sydney,research,1,0,2,True,msydes,5263397,3,https://inaturalist-open-data.s3.amazonaws.com/photos/587214258/original.jpg,inat_324435298_Calochilus_robertsonii_3.jpg,cc-by-nc,"(c) Marita Sydes, some rights reserved (CC BY-NC)",https://en.wikipedia.org/wiki/Calochilus_robertsonii,3112,Calochilus platychilus as per Bower and Medd,,[]
324432373,88fe5ddf-13d9-4629-b3d2-7cbe961217f1,https://www.inaturalist.org/observations/324432373,2025-11-01T21:22:16-04:00,2025-11-01T21:34:12-04:00,,,,,,,,,Cypripedium acaule,,,47588,species,10,48460/47126/211194/47125/47163/47218/47217/211065/47589/904149,pink lady's slipper,True,False,False,False,False,False,45.2564238101,-77.2690773006,30,"Renfrew County, ON, Canada",Canada,ON,Renfrew County,"Renfrew County, ON, Canada",,30,2025-06-07,2025-06-07T13:31:00-04:00,America/Nipigon,research,1,0,2,True,bogend,1269946,2,https://inaturalist-open-data.s3.amazonaws.com/photos/587202761/original.jpg,inat_324432373_Cypripedium_acaule_1.jpg,cc-by-nc,"(c) bogend, some rights reserved (CC BY-NC)",http://en.wikipedia.org/wiki/Cypripedium_acaule,58134,,,[]
324432373,88fe5ddf-13d9-4629-b3d2-7cbe961217f1,https://www.inaturalist.org/observations/324432373,2025-11-01T21:22:16-04:00,2025-11-01T21:34:12-04:00,,,,,,,,,Cypripedium acaule,,,47588,species,10,48460/47126/211194/47125/47163/47218/47217/211065/47589/904149,pink lady's slipper,True,False,False,False,False,False,45.2564238101,-77.2690773006,30,"Renfrew County, ON, Canada",Canada,ON,Renfrew County,"Renfrew County, ON, Canada",,30,2025-06-07,2025-06-07T13:31:00-04:00,America/Nipigon,research,1,0,2,True,bogend,1269946,2,https://inaturalist-open-data.s3.amazonaws.com/photos/587202776/original.jpg,inat_324432373_Cypripedium_acaule_2.jpg,cc-by-nc,"(c) bogend, some rights reserved (CC BY-NC)",http://en.wikipedia.org/wiki/Cypripedium_acaule,58134,,,[]
324431866,a5bcf35f-be6a-4876-805e-15084e2af6e3,https://www.inaturalist.org/observations/324431866,2025-11-02T11:48:28+10:30,2025-11-02T12:04:20+10:30,,,,,,,,,Caladenia tentaculata,,,474399,species,10,48460/47126/211194/47125/47163/47218/47217/738348/752416/796655/140838,eastern mantis orchid,True,False,True,False,False,False,-34.9992389325,138.6463269499,5,"Lodge Tk, Belair, SA, AU",AU,SA,Belair,"Lodge Tk, Belair, SA, AU",,5,2025-10-26,2025-10-26T10:29:16+10:30,Australia/Adelaide,research,1,0,2,True,dh9375,9206137,11,https://inaturalist-open-data.s3.amazonaws.com/photos/587206829/original.jpg,inat_324431866_Caladenia_tentaculata_1.jpg,cc-by-nc,"(c) dh9375, some rights reserved (CC BY-NC)",http://en.wikipedia.org/wiki/Caladenia_tentaculata,4449,,,[]
324431866,a5bcf35f-be6a-4876-805e-15084e2af6e3,https://www.inaturalist.org/observations/324431866,2025-11-02T11:48:28+10:30,2025-11-02T12:04:20+10:30,,,,,,,,,Caladenia tentaculata,,,474399,species,10,48460/47126/211194/47125/47163/47218/47217/738348/752416/796655/140838,eastern mantis orchid,True,False,True,False,False,False,-34.9992389325,138.6463269499,5,"Lodge Tk, Belair, SA, AU",AU,SA,Belair,"Lodge Tk, Belair, SA, AU",,5,2025-10-26,2025-10-26T10:29:16+10:30,Australia/Adelaide,research,1,0,2,True,dh9375,9206137,11,https://inaturalist-open-data.s3.amazonaws.com/photos/587206858/original.jpg,inat_324431866_Caladenia_tentaculata_2.jpg,cc-by-nc,"(c) dh9375, some rights reserved (CC BY-NC)",http://en.wikipedia.org/wiki/Caladenia_tentaculata,4449,,,[]
324431866,a5bcf35f-be6a-4876-805e-15084e2af6e3,https://www.inaturalist.org/observations/324431866,2025-11-02T11:48:28+10:30,2025-11-02T12:04:20+10:30,,,,,,,,,Caladenia tentaculata,,,474399,species,10,48460/47126/211194/47125/47163/47218/47217/738348/752416/796655/140838,eastern mantis orchid,True,False,True,False,False,False,-34.9992389325,138.6463269499,5,"Lodge Tk, Belair, SA, AU",AU,SA,Belair,"Lodge Tk, Belair, SA, AU",,5,2025-10-26,2025-10-26T10:29:16+10:30,Australia/Adelaide,research,1,0,2,True,dh9375,9206137,11,https://inaturalist-open-data.s3.amazonaws.com/photos/587207120/original.jpg,inat_324431866_Caladenia_tentaculata_3.jpg,cc-by-nc,"(c) dh9375, some rights reserved (CC BY-NC)",http://en.wikipedia.org/wiki/Caladenia_tentaculata,4449,,,[]
324431866,a5bcf35f-be6a-4876-805e-15084e2af6e3,https://www.inaturalist.org/observations/324431866,2025-11-02T11:48:28+10:30,2025-11-02T12:04:20+10:30,,,,,,,,,Caladenia tentaculata,,,474399,species,10,48460/47126/211194/47125/47163/47218/47217/738348/752416/796655/140838,eastern mantis orchid,True,False,True,False,False,False,-34.9992389325,138.6463269499,5,"Lodge Tk, Belair, SA, AU",AU,SA,Belair,"Lodge Tk, Belair, SA, AU",,5,2025-10-26,2025-10-26T10:29:16+10:30,Australia/Adelaide,research,1,0,2,True,dh9375,9206137,11,https://inaturalist-open-data.s3.amazonaws.com/photos/587206919/original.jpg,inat_324431866_Caladenia_tentaculata_4.jpg,cc-by-nc,"(c) dh9375, some rights reserved (CC BY-NC)",http://en.wikipedia.org/wiki/Caladenia_tentaculata,4449,,,[]
324431866,a5bcf35f-be6a-4876-805e-15084e2af6e3,https://www.inaturalist.org/observations/324431866,2025-11-02T11:48:28+10:30,2025-11-02T12:04:20+10:30,,,,,,,,,Caladenia tentaculata,,,474399,species,10,48460/47126/211194/47125/47163/47218/47217/738348/752416/796655/140838,eastern mantis orchid,True,False,True,False,False,False,-34.9992389325,138.6463269499,5,"Lodge Tk, Belair, SA, AU",AU,SA,Belair,"Lodge Tk, Belair, SA, AU",,5,2025-10-26,2025-10-26T10:29:16+10:30,Australia/Adelaide,research,1,0,2,True,dh9375,9206137,11,https://inaturalist-open-data.s3.amazonaws.com/photos/587206940/original.jpg,inat_324431866_Caladenia_tentaculata_5.jpg,cc-by-nc,"(c) dh9375, some rights reserved (CC BY-NC)",http://en.wikipedia.org/wiki/Caladenia_tentaculata,4449,,,[]
324431866,a5bcf35f-be6a-4876-805e-15084e2af6e3,https://www.inaturalist.org/observations/324431866,2025-11-02T11:48:28+10:30,2025-11-02T12:04:20+10:30,,,,,,,,,Caladenia tentaculata,,,474399,species,10,48460/47126/211194/47125/47163/47218/47217/738348/752416/796655/140838,eastern mantis orchid,True,False,True,False,False,False,-34.9992389325,138.6463269499,5,"Lodge Tk, Belair, SA, AU",AU,SA,Belair,"Lodge Tk, Belair, SA, AU",,5,2025-10-26,2025-10-26T10:29:16+10:30,Australia/Adelaide,research,1,0,2,True,dh9375,9206137,11,https://inaturalist-open-data.s3.amazonaws.com/photos/587207099/original.jpg,inat_324431866_Caladenia_tentaculata_6.jpg,cc-by-nc,"(c) dh9375, some rights reserved (CC BY-NC)",http://en.wikipedia.org/wiki/Caladenia_tentaculata,4449,,,[]
324431866,a5bcf35f-be6a-4876-805e-15084e2af6e3,https://www.inaturalist.org/observations/324431866,2025-11-02T11:48:28+10:30,2025-11-02T12:04:20+10:30,,,,,,,,,Caladenia tentaculata,,,474399,species,10,48460/47126/211194/47125/47163/47218/47217/738348/752416/796655/140838,eastern mantis orchid,True,False,True,False,False,False,-34.9992389325,138.6463269499,5,"Lodge Tk, Belair, SA, AU",AU,SA,Belair,"Lodge Tk, Belair, SA, AU",,5,2025-10-26,2025-10-26T10:29:16+10:30,Australia/Adelaide,research,1,0,2,True,dh9375,9206137,11,https://inaturalist-open-data.s3.amazonaws.com/photos/587206927/original.jpg,inat_324431866_Caladenia_tentaculata_7.jpg,cc-by-nc,"(c) dh9375, some rights reserved (CC BY-NC)",http://en.wikipedia.org/wiki/Caladenia_tentaculata,4449,,,[]
324431866,a5bcf35f-be6a-4876-805e-15084e2af6e3,https://www.inaturalist.org/observations/324431866,2025-11-02T11:48:28+10:30,2025-11-02T12:04:20+10:30,,,,,,,,,Caladenia tentaculata,,,474399,species,10,48460/47126/211194/47125/47163/47218/47217/738348/752416/796655/140838,eastern mantis orchid,True,False,True,False,False,False,-34.9992389325,138.6463269499,5,"Lodge Tk, Belair, SA, AU",AU,SA,Belair,"Lodge Tk, Belair, SA, AU",,5,2025-10-26,2025-10-26T10:29:16+10:30,Australia/Adelaide,research,1,0,2,True,dh9375,9206137,11,https://inaturalist-open-data.s3.amazonaws.com/photos/587207062/original.jpg,inat_324431866_Caladenia_tentaculata_8.jpg,cc-by-nc,"(c) dh9375, some rights reserved (CC BY-NC)",http://en.wikipedia.org/wiki/Caladenia_tentaculata,4449,,,[]
324431866,a5bcf35f-be6a-4876-805e-15084e2af6e3,https://www.inaturalist.org/observations/324431866,2025-11-02T11:48:28+10:30,2025-11-02T12:04:20+10:30,,,,,,,,,Caladenia tentaculata,,,474399,species,10,48460/47126/211194/47125/47163/47218/47217/738348/752416/796655/140838,eastern mantis orchid,True,False,True,False,False,False,-34.9992389325,138.6463269499,5,"Lodge Tk, Belair, SA, AU",AU,SA,Belair,"Lodge Tk, Belair, SA, AU",,5,2025-10-26,2025-10-26T10:29:16+10:30,Australia/Adelaide,research,1,0,2,True,dh9375,9206137,11,https://inaturalist-open-data.s3.amazonaws.com/photos/587207197/original.jpg,inat_324431866_Caladenia_tentaculata_9.jpg,cc-by-nc,"(c) dh9375, some rights reserved (CC BY-NC)",http://en.wikipedia.org/wiki/Caladenia_tentaculata,4449,,,[]
324431866,a5bcf35f-be6a-4876-805e-15084e2af6e3,https://www.inaturalist.org/observations/324431866,2025-11-02T11:48:28+10:30,2025-11-02T12:04:20+10:30,,,,,,,,,Caladenia tentaculata,,,474399,species,10,48460/47126/211194/47125/47163/47218/47217/738348/752416/796655/140838,eastern mantis orchid,True,False,True,False,False,False,-34.9992389325,138.6463269499,5,"Lodge Tk, Belair, SA, AU",AU,SA,Belair,"Lodge Tk, Belair, SA, AU",,5,2025-10-26,2025-10-26T10:29:16+10:30,Australia/Adelaide,research,1,0,2,True,dh9375,9206137,11,https://inaturalist-open-data.s3.amazonaws.com/photos/587207213/original.jpg,inat_324431866_Caladenia_tentaculata_10.jpg,cc-by-nc,"(c) dh9375, some rights reserved (CC BY-NC)",http://en.wikipedia.org/wiki/Caladenia_tentaculata,4449,,,[]
324431866,a5bcf35f-be6a-4876-805e-15084e2af6e3,https://www.inaturalist.org/observations/324431866,2025-11-02T11:48:28+10:30,2025-11-02T12:04:20+10:30,,,,,,,,,Caladenia tentaculata,,,474399,species,10,48460/47126/211194/47125/47163/47218/47217/738348/752416/796655/140838,eastern mantis orchid,True,False,True,False,False,False,-34.9992389325,138.6463269499,5,"Lodge Tk, Belair, SA, AU",AU,SA,Belair,"Lodge Tk, Belair, SA, AU",,5,2025-10-26,2025-10-26T10:29:16+10:30,Australia/Adelaide,research,1,0,2,True,dh9375,9206137,11,https://inaturalist-open-data.s3.amazonaws.com/photos/587207221/original.jpg,inat_324431866_Caladenia_tentaculata_11.jpg,cc-by-nc,"(c) dh9375, some rights reserved (CC BY-NC)",http://en.wikipedia.org/wiki/Caladenia_tentaculata,4449,,,[]
324431643,dcd11c1e-832b-4fc8-a50c-a7739a2107c9,https://www.inaturalist.org/observations/324431643,2025-11-02T12:16:43+11:00,2025-11-02T12:53:34+11:00,,,,,,,,,Caleana major,,,321088,species,10,48460/47126/211194/47125/47163/47218/47217/738348/752416/796660/321107,Large Flying Duck Orchid,True,False,False,False,False,False,-37.6191790329,142.3418800915,8,"Dunkeld VIC 3294, Australia",Australia,Dunkeld VIC 3294,,"Dunkeld VIC 3294, Australia",,8,2025-10-15,2025-10-15T12:47:00+11:00,Australia/Melbourne,research,1,0,2,True,elusiveorchids,150795,1,https://inaturalist-open-data.s3.amazonaws.com/photos/587205238/original.jpg,inat_324431643_Caleana_major_1.jpg,cc-by-nc-sa,"(c) Keith Martin-Smith, some rights reserved (CC BY-NC-SA)",http://en.wikipedia.org/wiki/Caleana,3035,,,[]
324428442,174b94cf-7f68-4246-8a2e-f0e0fad15d56,https://www.inaturalist.org/observations/324428442,2025-11-02T11:52:37+11:00,2025-11-02T12:53:57+11:00,,,,,,,,,Caladenia tentaculata,,,474399,species,10,48460/47126/211194/47125/47163/47218/47217/738348/752416/796655/140838,eastern mantis orchid,True,False,True,False,False,False,-38.3247757555,144.1515542606,6,"Victoria, AU",AU,Victoria,,"Victoria, AU",,28270,2025-11-02,2025-11-02T11:51:26+11:00,Australia/Melbourne,research,1,0,2,True,alisonwatson,1150470,1,https://inaturalist-open-data.s3.amazonaws.com/photos/587199098/original.jpg,inat_324428442_Caladenia_tentaculata_1.jpg,cc-by-nc,"(c) alisonwatson, some rights reserved (CC BY-NC)",http://en.wikipedia.org/wiki/Caladenia_tentaculata,4449,,,[]
324428247,3d66138d-8e93-43bc-b911-24b26237b6a2,https://www.inaturalist.org/observations/324428247,2025-11-02T11:50:53+11:00,2025-11-02T12:54:03+11:00,,,,,,,,,Disa bracteata,,,475002,species,10,48460/47126/211194/47125/47163/47218/47217/738348/790399/738362/119236/738438,Bract Disa,False,True,False,False,False,False,-38.1440089103,144.7001327501,3,"Annmaree Dr, Indented Head, VIC, AU",AU,VIC,Indented Head,"Annmaree Dr, Indented Head, VIC, AU",,3,2025-11-02,2025-11-02T11:47:35+11:00,Australia/Melbourne,research,1,0,2,True,haybales90,6008344,1,https://inaturalist-open-data.s3.amazonaws.com/photos/587198962/original.jpg,inat_324428247_Disa_bracteata_1.jpg,cc-by-nc,"(c) haybales90, some rights reserved (CC BY-NC)",http://en.wikipedia.org/wiki/Disa_bracteata,5671,,,[]
324428196,e8443473-5d9a-44d3-bcd2-5581688cbb2e,https://www.inaturalist.org/observations/324428196,2025-11-01T14:50:27-10:00,2025-11-01T15:38:47-10:00,,,,,,,,,Arundina graminifolia,,,117504,species,10,48460/47126/211194/47125/47163/47218/47217/738346/790382/790384/117505,Bamboo Orchid,False,True,False,False,False,False,21.3454216667,-157.8057866667,3,"Kailua, HI, US",US,HI,Kailua,"Kailua, HI, US",,3,2025-11-01,2025-11-01T14:09:08-10:00,Pacific/Honolulu,research,1,0,2,True,faerthen,4918,2,https://inaturalist-open-data.s3.amazonaws.com/photos/587198427/original.jpg,inat_324428196_Arundina_graminifolia_1.jpg,cc-by-nc,"(c) faerthen, some rights reserved (CC BY-NC)",http://en.wikipedia.org/wiki/Arundina,8760,,,[]
324428196,e8443473-5d9a-44d3-bcd2-5581688cbb2e,https://www.inaturalist.org/observations/324428196,2025-11-01T14:50:27-10:00,2025-11-01T15:38:47-10:00,,,,,,,,,Arundina graminifolia,,,117504,species,10,48460/47126/211194/47125/47163/47218/47217/738346/790382/790384/117505,Bamboo Orchid,False,True,False,False,False,False,21.3454216667,-157.8057866667,3,"Kailua, HI, US",US,HI,Kailua,"Kailua, HI, US",,3,2025-11-01,2025-11-01T14:09:08-10:00,Pacific/Honolulu,research,1,0,2,True,faerthen,4918,2,https://inaturalist-open-data.s3.amazonaws.com/photos/587198429/original.jpg,inat_324428196_Arundina_graminifolia_2.jpg,cc-by-nc,"(c) faerthen, some rights reserved (CC BY-NC)",http://en.wikipedia.org/wiki/Arundina,8760,,,[]
324427933,34388d0b-9c56-446d-b757-b12d7e7ae46d,https://www.inaturalist.org/observations/324427933,2025-11-02T11:48:12+11:00,2025-11-02T12:54:13+11:00,,,,,,,,,Thelymitra juncifolia,,,406521,species,10,48460/47126/211194/47125/47163/47218/47217/738348/752416/796666/54686,large-spotted sun orchid,False,False,False,False,False,False,-38.2189629248,144.1945807862,5,"Victoria, AU",AU,Victoria,,"Victoria, AU",,28270,2025-11-02,2025-11-02T11:47:28+11:00,Australia/Melbourne,research,1,0,2,True,alisonwatson,1150470,1,https://inaturalist-open-data.s3.amazonaws.com/photos/587198025/original.jpg,inat_324427933_Thelymitra_juncifolia_1.jpg,cc-by-nc,"(c) alisonwatson, some rights reserved (CC BY-NC)",https://en.wikipedia.org/wiki/Thelymitra_juncifolia,435,,,[]
324427422,85284da1-942a-4abd-b98c-c28f1b11d15b,https://www.inaturalist.org/observations/324427422,2025-11-02T11:43:31+11:00,2025-11-02T12:10:49+11:00,,,,,,,,,Thelymitra rubra,,,516247,species,10,48460/47126/211194/47125/47163/47218/47217/738348/752416/796666/54686,salmon sun-orchid,False,False,False,False,False,False,-38.2602461339,144.053094062,8,"Victoria, AU",AU,Victoria,,"Victoria, AU",,28270,2025-11-02,2025-11-02T11:43:02+11:00,Australia/Melbourne,research,1,0,2,True,alisonwatson,1150470,1,https://inaturalist-open-data.s3.amazonaws.com/photos/587196756/original.jpg,inat_324427422_Thelymitra_rubra_1.jpg,cc-by-nc,"(c) alisonwatson, some rights reserved (CC BY-NC)",http://en.wikipedia.org/wiki/Thelymitra_rubra,2128,,,[]
324427132,34a0a18b-e20e-4f0d-8691-44cb7b4a2af0,https://www.inaturalist.org/observations/324427132,2025-11-01T18:41:40-06:00,2025-11-01T18:44:47-06:00,,,,,,,,,Platanthera obtusata,,,131221,species,10,48460/47126/211194/47125/47163/47218/47217/738348/790399/790400/48031/1469858,Blunt-leaved Rein Orchid,True,False,False,False,False,False,50.3275645208,-114.6320935649,31,"Kananaskis, AB T0L, Canada",Canada,AB T0L,Kananaskis,"Kananaskis, AB T0L, Canada",,31,2025-06-29,2025-06-29T12:14:00-06:00,America/Edmonton,research,1,0,2,True,norbertkondla,4851994,1,https://inaturalist-open-data.s3.amazonaws.com/photos/587196159/original.jpg,inat_324427132_Platanthera_obtusata_1.jpg,cc-by-nc,"(c) Norbert Kondla, some rights reserved (CC BY-NC)",http://en.wikipedia.org/wiki/Platanthera_obtusata,1554,,,[]
324427075,eaecff3a-9428-4f30-8264-e49c83bb1cec,https://www.inaturalist.org/observations/324427075,2025-11-01T14:41:13-10:00,2025-11-01T15:38:24-10:00,,,,,,,,,Arundina graminifolia,,,117504,species,10,48460/47126/211194/47125/47163/47218/47217/738346/790382/790384/117505,Bamboo Orchid,False,True,False,False,False,False,21.3455616667,-157.804445,3,"Kailua, HI, US",US,HI,Kailua,"Kailua, HI, US",,3,2025-11-01,2025-11-01T14:16:37-10:00,Pacific/Honolulu,research,1,0,2,True,faerthen,4918,4,https://inaturalist-open-data.s3.amazonaws.com/photos/587195988/original.jpg,inat_324427075_Arundina_graminifolia_1.jpg,cc-by-nc,"(c) faerthen, some rights reserved (CC BY-NC)",http://en.wikipedia.org/wiki/Arundina,8760,,,[]
324427075,eaecff3a-9428-4f30-8264-e49c83bb1cec,https://www.inaturalist.org/observations/324427075,2025-11-01T14:41:13-10:00,2025-11-01T15:38:24-10:00,,,,,,,,,Arundina graminifolia,,,117504,species,10,48460/47126/211194/47125/47163/47218/47217/738346/790382/790384/117505,Bamboo Orchid,False,True,False,False,False,False,21.3455616667,-157.804445,3,"Kailua, HI, US",US,HI,Kailua,"Kailua, HI, US",,3,2025-11-01,2025-11-01T14:16:37-10:00,Pacific/Honolulu,research,1,0,2,True,faerthen,4918,4,https://inaturalist-open-data.s3.amazonaws.com/photos/587195989/original.jpg,inat_324427075_Arundina_graminifolia_2.jpg,cc-by-nc,"(c) faerthen, some rights reserved (CC BY-NC)",http://en.wikipedia.org/wiki/Arundina,8760,,,[]
324427075,eaecff3a-9428-4f30-8264-e49c83bb1cec,https://www.inaturalist.org/observations/324427075,2025-11-01T14:41:13-10:00,2025-11-01T15:38:24-10:00,,,,,,,,,Arundina graminifolia,,,117504,species,10,48460/47126/211194/47125/47163/47218/47217/738346/790382/790384/117505,Bamboo Orchid,False,True,False,False,False,False,21.3455616667,-157.804445,3,"Kailua, HI, US",US,HI,Kailua,"Kailua, HI, US",,3,2025-11-01,2025-11-01T14:16:37-10:00,Pacific/Honolulu,research,1,0,2,True,faerthen,4918,4,https://inaturalist-open-data.s3.amazonaws.com/photos/587195986/original.jpg,inat_324427075_Arundina_graminifolia_3.jpg,cc-by-nc,"(c) faerthen, some rights reserved (CC BY-NC)",http://en.wikipedia.org/wiki/Arundina,8760,,,[]
324427075,eaecff3a-9428-4f30-8264-e49c83bb1cec,https://www.inaturalist.org/observations/324427075,2025-11-01T14:41:13-10:00,2025-11-01T15:38:24-10:00,,,,,,,,,Arundina graminifolia,,,117504,species,10,48460/47126/211194/47125/47163/47218/47217/738346/790382/790384/117505,Bamboo Orchid,False,True,False,False,False,False,21.3455616667,-157.804445,3,"Kailua, HI, US",US,HI,Kailua,"Kailua, HI, US",,3,2025-11-01,2025-11-01T14:16:37-10:00,Pacific/Honolulu,research,1,0,2,True,faerthen,4918,4,https://inaturalist-open-data.s3.amazonaws.com/photos/587196014/original.jpg,inat_324427075_Arundina_graminifolia_4.jpg,cc-by-nc,"(c) faerthen, some rights reserved (CC BY-NC)",http://en.wikipedia.org/wiki/Arundina,8760,,,[]
324424444,8f34e574-93be-44e7-ac5c-1052a852b2d2,https://www.inaturalist.org/observations/324424444,2025-11-02T11:22:57+11:00,2025-11-02T11:39:56+11:00,,,,,,,,,Caladenia moschata,,,553185,species,10,48460/47126/211194/47125/47163/47218/47217/738348/752416/796655/140838,Musky Caps,False,False,False,False,False,False,-37.5156741167,144.5566202733,,"Gisborne VIC 3437, Australia",Australia,Gisborne VIC 3437,,"Gisborne VIC 3437, Australia",,,2025-11-01,2025-11-01T14:35:00+11:00,Australia/Melbourne,research,1,0,2,True,andill,2162161,2,https://inaturalist-open-data.s3.amazonaws.com/photos/587172255/original.jpg,inat_324424444_Caladenia_moschata_1.jpg,cc-by-nc,"(c) Andrew Dilley, some rights reserved (CC BY-NC)",http://en.wikipedia.org/wiki/Caladenia_moschata,1682,,,[]
324424444,8f34e574-93be-44e7-ac5c-1052a852b2d2,https://www.inaturalist.org/observations/324424444,2025-11-02T11:22:57+11:00,2025-11-02T11:39:56+11:00,,,,,,,,,Caladenia moschata,,,553185,species,10,48460/47126/211194/47125/47163/47218/47217/738348/752416/796655/140838,Musky Caps,False,False,False,False,False,False,-37.5156741167,144.5566202733,,"Gisborne VIC 3437, Australia",Australia,Gisborne VIC 3437,,"Gisborne VIC 3437, Australia",,,2025-11-01,2025-11-01T14:35:00+11:00,Australia/Melbourne,research,1,0,2,True,andill,2162161,2,https://inaturalist-open-data.s3.amazonaws.com/photos/587172212/original.jpg,inat_324424444_Caladenia_moschata_2.jpg,cc-by-nc,"(c) Andrew Dilley, some rights reserved (CC BY-NC)",http://en.wikipedia.org/wiki/Caladenia_moschata,1682,,,[]
324424038,eef4b701-c430-43ad-bd3b-14cdf2a09448,https://www.inaturalist.org/observations/324424038,2025-11-02T10:50:18+10:30,2025-11-02T11:26:28+10:30,,,,,,,,,Thelymitra rubra,,,516247,species,10,48460/47126/211194/47125/47163/47218/47217/738348/752416/796666/54686,salmon sun-orchid,False,False,False,False,False,False,-34.9892071695,138.7006953342,103,"Cleland National Park, Cleland, SA, AU",AU,SA,Cleland,"Cleland National Park, Cleland, SA, AU",,103,2025-11-01,2025-11-01T12:31:57+10:30,Australia/Adelaide,research,1,0,3,True,forestbugboy,7589587,2,https://inaturalist-open-data.s3.amazonaws.com/photos/587189856/original.jpg,inat_324424038_Thelymitra_rubra_1.jpg,cc-by-nc,"(c) forestbugboy, some rights reserved (CC BY-NC)",http://en.wikipedia.org/wiki/Thelymitra_rubra,2128,,,[]
324424038,eef4b701-c430-43ad-bd3b-14cdf2a09448,https://www.inaturalist.org/observations/324424038,2025-11-02T10:50:18+10:30,2025-11-02T11:26:28+10:30,,,,,,,,,Thelymitra rubra,,,516247,species,10,48460/47126/211194/47125/47163/47218/47217/738348/752416/796666/54686,salmon sun-orchid,False,False,False,False,False,False,-34.9892071695,138.7006953342,103,"Cleland National Park, Cleland, SA, AU",AU,SA,Cleland,"Cleland National Park, Cleland, SA, AU",,103,2025-11-01,2025-11-01T12:31:57+10:30,Australia/Adelaide,research,1,0,3,True,forestbugboy,7589587,2,https://inaturalist-open-data.s3.amazonaws.com/photos/587189906/original.jpg,inat_324424038_Thelymitra_rubra_2.jpg,cc-by-nc,"(c) forestbugboy, some rights reserved (CC BY-NC)",http://en.wikipedia.org/wiki/Thelymitra_rubra,2128,,,[]
324423939,80c4efdc-bfc1-4aaa-aae7-0d60ec279321,https://www.inaturalist.org/observations/324423939,2025-11-01T20:19:15-04:00,2025-11-01T21:59:27-04:00,,,,,,,,,Tipularia discolor,,,121490,species,10,48460/47126/211194/47125/47163/47218/47217/738346/546957/1441663/121491,crane-fly orchid,True,False,True,False,False,False,39.0060720566,-77.4727812761,197,"Maryland, US",US,Maryland,,"Maryland, US",,28151,2025-11-01,2025-11-01T15:09:49-04:00,America/New_York,research,2,0,3,True,stephanieoberle,912697,2,https://inaturalist-open-data.s3.amazonaws.com/photos/587189513/original.jpg,inat_324423939_Tipularia_discolor_1.jpg,cc-by-nc,"(c) Stephanie Oberle, some rights reserved (CC BY-NC)",https://en.wikipedia.org/wiki/Tipularia_discolor,30220,,,[]
324423939,80c4efdc-bfc1-4aaa-aae7-0d60ec279321,https://www.inaturalist.org/observations/324423939,2025-11-01T20:19:15-04:00,2025-11-01T21:59:27-04:00,,,,,,,,,Tipularia discolor,,,121490,species,10,48460/47126/211194/47125/47163/47218/47217/738346/546957/1441663/121491,crane-fly orchid,True,False,True,False,False,False,39.0060720566,-77.4727812761,197,"Maryland, US",US,Maryland,,"Maryland, US",,28151,2025-11-01,2025-11-01T15:09:49-04:00,America/New_York,research,2,0,3,True,stephanieoberle,912697,2,https://inaturalist-open-data.s3.amazonaws.com/photos/587189544/original.jpg,inat_324423939_Tipularia_discolor_2.jpg,cc-by-nc,"(c) Stephanie Oberle, some rights reserved (CC BY-NC)",https://en.wikipedia.org/wiki/Tipularia_discolor,30220,,,[]
324423653,17fbbcb1-7ccb-4319-b00e-5ca7becef4a4,https://www.inaturalist.org/observations/324423653,2025-11-01T20:17:11-04:00,2025-11-01T21:00:24-04:00,,,,,,,,,Tipularia discolor,,,121490,species,10,48460/47126/211194/47125/47163/47218/47217/738346/546957/1441663/121491,crane-fly orchid,True,False,True,False,False,False,39.1465593977,-77.2470031925,514,"SCSP Gaithersburg Quad, Montgomery County, MD, USA",USA,MD,Montgomery County,"SCSP Gaithersburg Quad, Montgomery County, MD, USA",,514,2025-11-01,2025-11-01T14:18:00-04:00,America/New_York,research,1,0,2,True,belby,1540114,1,https://inaturalist-open-data.s3.amazonaws.com/photos/587188339/original.jpg,inat_324423653_Tipularia_discolor_1.jpg,cc-by-nc,"(c) belby, some rights reserved (CC BY-NC)",https://en.wikipedia.org/wiki/Tipularia_discolor,30220,,,[]
324422362,4352bce8-8aa2-41dd-ad14-a7aaf238bb42,https://www.inaturalist.org/observations/324422362,2025-11-02T10:38:25+10:30,2025-11-02T11:26:22+10:30,,,,,,,,,Caladenia leptochila,,,784963,species,10,48460/47126/211194/47125/47163/47218/47217/738348/752416/796655/140838,Narrow-lipped spider-orchid,False,False,False,False,False,False,-34.9810592099,138.6909512175,357,"Cleland National Park, Cleland, SA, AU",AU,SA,Cleland,"Cleland National Park, Cleland, SA, AU",,357,2025-10-31,2025-10-31T10:26:58+10:30,Australia/Adelaide,research,1,0,3,True,forestbugboy,7589587,1,https://inaturalist-open-data.s3.amazonaws.com/photos/587186274/original.jpg,inat_324422362_Caladenia_leptochila_1.jpg,cc-by-nc,"(c) forestbugboy, some rights reserved (CC BY-NC)",https://en.wikipedia.org/wiki/Caladenia_leptochila,603,,,[]
324419691,711d782d-0e5d-49fe-867a-a429859b3d0b,https://www.inaturalist.org/observations/324419691,2025-11-01T20:49:13-03:00,2025-11-01T22:40:16-03:00,,,,,,,,,Bipinnula fimbriata,,,560928,species,10,48460/47126/211194/47125/47163/47218/47217/738348/544791/1268212/140959,Fringed Grass Orchid,False,False,False,False,False,False,-32.5526575512,-71.4688126896,302,"Cerro La Cruz, Zapallar, Valparaíso Region, CL",CL,Valparaíso Region,Zapallar,"Cerro La Cruz, Zapallar, Valparaíso Region, CL",,302,2025-11-01,2025-11-01T13:22:09-03:00,America/Santiago,research,1,0,2,True,nicolasgarceslira,7445121,1,https://inaturalist-open-data.s3.amazonaws.com/photos/587180957/original.jpg,inat_324419691_Bipinnula_fimbriata_1.jpg,cc-by-nc,"(c) Nicolás Garcés, some rights reserved (CC BY-NC)",,1108,,,[]
324419028,556929ad-a3de-4c9d-ae33-5f8dddff28fa,https://www.inaturalist.org/observations/324419028,2025-11-01T19:44:47-04:00,2025-11-01T22:01:50-04:00,,,,,,,,,Aplectrum hyemale,,,123188,species,10,48460/47126/211194/47125/47163/47218/47217/738346/546957/1441663/123189,putty root,True,False,False,False,False,False,39.1904437662,-77.5695473008,197,"Maryland, US",US,Maryland,,"Maryland, US",,28151,2025-11-01,2025-11-01T16:05:48-04:00,America/New_York,research,2,0,3,True,stephanieoberle,912697,2,https://inaturalist-open-data.s3.amazonaws.com/photos/587179766/original.jpg,inat_324419028_Aplectrum_hyemale_1.jpg,cc-by-nc,"(c) Stephanie Oberle, some rights reserved (CC BY-NC)",https://en.wikipedia.org/wiki/Aplectrum,10776,,,[]
324419028,556929ad-a3de-4c9d-ae33-5f8dddff28fa,https://www.inaturalist.org/observations/324419028,2025-11-01T19:44:47-04:00,2025-11-01T22:01:50-04:00,,,,,,,,,Aplectrum hyemale,,,123188,species,10,48460/47126/211194/47125/47163/47218/47217/738346/546957/1441663/123189,putty root,True,False,False,False,False,False,39.1904437662,-77.5695473008,197,"Maryland, US",US,Maryland,,"Maryland, US",,28151,2025-11-01,2025-11-01T16:05:48-04:00,America/New_York,research,2,0,3,True,stephanieoberle,912697,2,https://inaturalist-open-data.s3.amazonaws.com/photos/587179788/original.jpg,inat_324419028_Aplectrum_hyemale_2.jpg,cc-by-nc,"(c) Stephanie Oberle, some rights reserved (CC BY-NC)",https://en.wikipedia.org/wiki/Aplectrum,10776,,,[]
324415637,c3e9e4c3-c4ed-43be-9123-ea8c139cd85f,https://www.inaturalist.org/observations/324415637,2025-11-02T10:26:01+11:00,2025-11-02T10:30:00+11:00,,,,,,,,,Caladenia cucullata,,,557906,species,10,48460/47126/211194/47125/47163/47218/47217/738348/752416/796655/140838,hooded caladenia,False,False,False,False,False,False,-36.3930783333,143.6555633333,5,"Wedderburn Ward, Wedderburn, VIC, AU",AU,VIC,Wedderburn,"Wedderburn Ward, Wedderburn, VIC, AU",,5,2025-11-02,2025-11-02T10:25:13+11:00,Australia/Melbourne,research,1,0,2,True,joyh50,1459252,1,https://inaturalist-open-data.s3.amazonaws.com/photos/587173609/original.jpg,inat_324415637_Caladenia_cucullata_1.jpg,cc-by-nc,"(c) joyh50, some rights reserved (CC BY-NC)",https://en.wikipedia.org/wiki/Caladenia_cucullata,805,,,[]
324415113,4c1fe24a-5eb4-44f9-baaa-c4aecc060485,https://www.inaturalist.org/observations/324415113,2025-11-01T16:22:41-07:00,2025-11-01T16:44:37-07:00,,,,,,,,,Calypso bulbosa,,,47215,species,10,48460/47126/211194/47125/47163/47218/47217/738346/546957/1441663/47216,Fairy-slipper,True,False,False,False,False,False,49.9007921043,-120.5664922556,34,"Thompson-Nicola, BC, Canada",Canada,BC,Thompson-Nicola,"Thompson-Nicola, BC, Canada",,34,2015-05-18,2015-05-18T12:41:00-07:00,America/Vancouver,research,1,0,2,True,birdfinder54,9903313,1,https://inaturalist-open-data.s3.amazonaws.com/photos/587168963/original.jpg,inat_324415113_Calypso_bulbosa_1.jpg,cc-by-nc,"(c) birdfinder54, some rights reserved (CC BY-NC)",http://en.wikipedia.org/wiki/Calypso_bulbosa,24359,Found on the Kentucky Lake trail,,[]
324415112,c25b2d6b-0044-4f51-98e1-bf7ab33d5dd1,https://www.inaturalist.org/observations/324415112,2025-11-01T16:22:41-07:00,2025-11-01T16:44:03-07:00,,,,,,,,,Calypso bulbosa,,,47215,species,10,48460/47126/211194/47125/47163/47218/47217/738346/546957/1441663/47216,Fairy-slipper,True,False,False,False,False,False,49.8985201701,-120.5668999513,69,"Thompson-Nicola, BC, Canada",Canada,BC,Thompson-Nicola,"Thompson-Nicola, BC, Canada",,69,2015-05-18,2015-05-18T12:41:00-07:00,America/Vancouver,research,1,0,2,True,birdfinder54,9903313,1,https://inaturalist-open-data.s3.amazonaws.com/photos/587168781/original.jpg,inat_324415112_Calypso_bulbosa_1.jpg,cc-by-nc,"(c) birdfinder54, some rights reserved (CC BY-NC)",http://en.wikipedia.org/wiki/Calypso_bulbosa,24359,Found on the Kentucky Lake trail,,[]
324414523,311e5566-df9b-4460-8553-5324c364d6dd,https://www.inaturalist.org/observations/324414523,2025-11-02T10:18:30+11:00,2025-11-02T10:36:09+11:00,,,,,,,,,Diuris sulphurea,,,83522,species,10,48460/47126/211194/47125/47163/47218/47217/738348/752416/796671/83523,Tiger Orchid,False,False,False,False,False,False,-37.0823656,146.0927451,,"Mansfield VIC 3722, Australia",Australia,Mansfield VIC 3722,,"Mansfield VIC 3722, Australia",,,2025-11-02,2025-11-02T10:03:13+11:00,Australia/Melbourne,research,1,0,3,True,rhiannonquigley,4363205,3,https://inaturalist-open-data.s3.amazonaws.com/photos/587170959/original.jpg,inat_324414523_Diuris_sulphurea_1.jpg,cc-by-nc,"(c) rhiannonquigley, some rights reserved (CC BY-NC)",http://en.wikipedia.org/wiki/Diuris_sulphurea,4105,,,[]
324414523,311e5566-df9b-4460-8553-5324c364d6dd,https://www.inaturalist.org/observations/324414523,2025-11-02T10:18:30+11:00,2025-11-02T10:36:09+11:00,,,,,,,,,Diuris sulphurea,,,83522,species,10,48460/47126/211194/47125/47163/47218/47217/738348/752416/796671/83523,Tiger Orchid,False,False,False,False,False,False,-37.0823656,146.0927451,,"Mansfield VIC 3722, Australia",Australia,Mansfield VIC 3722,,"Mansfield VIC 3722, Australia",,,2025-11-02,2025-11-02T10:03:13+11:00,Australia/Melbourne,research,1,0,3,True,rhiannonquigley,4363205,3,https://inaturalist-open-data.s3.amazonaws.com/photos/587170995/original.jpg,inat_324414523_Diuris_sulphurea_2.jpg,cc-by-nc,"(c) rhiannonquigley, some rights reserved (CC BY-NC)",http://en.wikipedia.org/wiki/Diuris_sulphurea,4105,,,[]
324414523,311e5566-df9b-4460-8553-5324c364d6dd,https://www.inaturalist.org/observations/324414523,2025-11-02T10:18:30+11:00,2025-11-02T10:36:09+11:00,,,,,,,,,Diuris sulphurea,,,83522,species,10,48460/47126/211194/47125/47163/47218/47217/738348/752416/796671/83523,Tiger Orchid,False,False,False,False,False,False,-37.0823656,146.0927451,,"Mansfield VIC 3722, Australia",Australia,Mansfield VIC 3722,,"Mansfield VIC 3722, Australia",,,2025-11-02,2025-11-02T10:03:13+11:00,Australia/Melbourne,research,1,0,3,True,rhiannonquigley,4363205,3,https://inaturalist-open-data.s3.amazonaws.com/photos/587171031/original.jpg,inat_324414523_Diuris_sulphurea_3.jpg,cc-by-nc,"(c) rhiannonquigley, some rights reserved (CC BY-NC)",http://en.wikipedia.org/wiki/Diuris_sulphurea,4105,,,[]
324414136,5abfb791-18e6-4b6d-9f9d-fed4325b59ba,https://www.inaturalist.org/observations/324414136,2025-11-02T10:16:13+11:00,2025-11-02T10:21:10+11:00,,,,,,,,,Glossodia major,,,83357,species,10,48460/47126/211194/47125/47163/47218/47217/738348/752416/796655/83358,Waxlip Orchid,True,False,True,False,False,False,-37.9966874975,141.6851813829,15,"Myamyn VIC 3304, Australia",Australia,Myamyn VIC 3304,,"Myamyn VIC 3304, Australia",,15,2025-10-15,2025-10-15T10:45:00+11:00,Australia/Melbourne,research,1,0,2,True,elusiveorchids,150795,1,https://inaturalist-open-data.s3.amazonaws.com/photos/587168271/original.jpg,inat_324414136_Glossodia_major_1.jpg,cc-by-nc-sa,"(c) Keith Martin-Smith, some rights reserved (CC BY-NC-SA)",https://en.wikipedia.org/wiki/Caladenia_major,12417,,,[]
324414134,f050a1e7-7da6-48c6-ae59-065706b95995,https://www.inaturalist.org/observations/324414134,2025-11-02T10:16:13+11:00,2025-11-02T10:21:52+11:00,,,,,,,,,Caladenia carnea,,,321090,species,10,48460/47126/211194/47125/47163/47218/47217/738348/752416/796655/140838,Pink Lady Fingers,True,False,False,False,False,False,-37.9966782245,141.6841040247,15,"Myamyn VIC 3304, Australia",Australia,Myamyn VIC 3304,,"Myamyn VIC 3304, Australia",,15,2025-10-15,2025-10-15T10:47:00+11:00,Australia/Melbourne,research,1,0,2,True,elusiveorchids,150795,1,https://inaturalist-open-data.s3.amazonaws.com/photos/587168134/original.jpg,inat_324414134_Caladenia_carnea_1.jpg,cc-by-nc-sa,"(c) Keith Martin-Smith, some rights reserved (CC BY-NC-SA)",https://en.wikipedia.org/wiki/Caladenia_carnea,8760,,,[]
324413878,ce61cfa5-9a26-41ae-ade1-d034d50dca1a,https://www.inaturalist.org/observations/324413878,2025-11-01T20:15:07-03:00,2025-11-01T20:34:32-03:00,,,,,,,,,Sacoila lanceolata,,,128757,species,10,48460/47126/211194/47125/47163/47218/47217/738348/544791/788256/128758,Leafless Beaked Lady Orchid,True,False,False,False,False,False,-31.1957056457,-64.36785914,849,"Colón, Córdoba, Argentina",Argentina,Córdoba,Colón,"Colón, Córdoba, Argentina",,849,2025-11-01,2025-11-01T17:15:32-03:00,America/Argentina/Cordoba,research,1,0,2,True,nicolas70706,9783842,1,https://inaturalist-open-data.s3.amazonaws.com/photos/587169623/original.jpg,inat_324413878_Sacoila_lanceolata_1.jpg,cc-by-nc,"(c) Nicolas Martin Segura, some rights reserved (CC BY-NC)",https://en.wikipedia.org/wiki/Sacoila_lanceolata,2280,,,[]
324413498,3fae0143-f416-4c8a-b7af-5284404830c3,https://www.inaturalist.org/observations/324413498,2025-11-02T10:12:46+11:00,2025-11-02T10:33:44+11:00,,,,,,,,,Thelymitra benthamiana,,,520289,species,10,48460/47126/211194/47125/47163/47218/47217/738348/752416/796666/54686,blotched sun-orchid,False,False,False,True,False,False,-38.4690133333,144.05925,4,"Great Otway National Park, Moggs Creek, VIC, AU",AU,VIC,Moggs Creek,"Great Otway National Park, Moggs Creek, VIC, AU",,4,2025-11-01,2025-11-01T11:48:17+11:00,Australia/Melbourne,research,1,0,2,True,callumjpaul,3109638,3,https://inaturalist-open-data.s3.amazonaws.com/photos/587168766/original.jpg,inat_324413498_Thelymitra_benthamiana_1.jpg,cc-by-nc,"(c) callumjpaul, some rights reserved (CC BY-NC)",https://en.wikipedia.org/wiki/Thelymitra_benthamiana,547,,,[]
324413498,3fae0143-f416-4c8a-b7af-5284404830c3,https://www.inaturalist.org/observations/324413498,2025-11-02T10:12:46+11:00,2025-11-02T10:33:44+11:00,,,,,,,,,Thelymitra benthamiana,,,520289,species,10,48460/47126/211194/47125/47163/47218/47217/738348/752416/796666/54686,blotched sun-orchid,False,False,False,True,False,False,-38.4690133333,144.05925,4,"Great Otway National Park, Moggs Creek, VIC, AU",AU,VIC,Moggs Creek,"Great Otway National Park, Moggs Creek, VIC, AU",,4,2025-11-01,2025-11-01T11:48:17+11:00,Australia/Melbourne,research,1,0,2,True,callumjpaul,3109638,3,https://inaturalist-open-data.s3.amazonaws.com/photos/587168794/original.jpg,inat_324413498_Thelymitra_benthamiana_2.jpg,cc-by-nc,"(c) callumjpaul, some rights reserved (CC BY-NC)",https://en.wikipedia.org/wiki/Thelymitra_benthamiana,547,,,[]
324413498,3fae0143-f416-4c8a-b7af-5284404830c3,https://www.inaturalist.org/observations/324413498,2025-11-02T10:12:46+11:00,2025-11-02T10:33:44+11:00,,,,,,,,,Thelymitra benthamiana,,,520289,species,10,48460/47126/211194/47125/47163/47218/47217/738348/752416/796666/54686,blotched sun-orchid,False,False,False,True,False,False,-38.4690133333,144.05925,4,"Great Otway National Park, Moggs Creek, VIC, AU",AU,VIC,Moggs Creek,"Great Otway National Park, Moggs Creek, VIC, AU",,4,2025-11-01,2025-11-01T11:48:17+11:00,Australia/Melbourne,research,1,0,2,True,callumjpaul,3109638,3,https://inaturalist-open-data.s3.amazonaws.com/photos/587168839/original.jpg,inat_324413498_Thelymitra_benthamiana_3.jpg,cc-by-nc,"(c) callumjpaul, some rights reserved (CC BY-NC)",https://en.wikipedia.org/wiki/Thelymitra_benthamiana,547,,,[]
324413407,0b1d7018-e83d-4555-8669-0637ff1eea89,https://www.inaturalist.org/observations/324413407,2025-11-02T10:11:58+11:00,2025-11-02T12:52:13+11:00,,,,,,,,,Caleana major,,,321088,species,10,48460/47126/211194/47125/47163/47218/47217/738348/752416/796660/321107,Large Flying Duck Orchid,True,False,False,False,False,False,-37.88423628,144.18933392,,"Golden Plains - South-East, Victoria, Australia",Australia,Victoria,Golden Plains - South-East,"Golden Plains - South-East, Victoria, Australia",,,2016-11-20,2016-11-20T12:46:00+11:00,Australia/Melbourne,research,1,0,2,True,steven_smithyman,6537776,1,https://inaturalist-open-data.s3.amazonaws.com/photos/587167994/original.jpg,inat_324413407_Caleana_major_1.jpg,cc-by-nc,"(c) Steven Smithyman, some rights reserved (CC BY-NC)",http://en.wikipedia.org/wiki/Caleana,3035,,,"[{""uuid"": ""da27aa30-5afb-4b92-9e05-e9f763695cff"", ""controlled_attribute_id"": 12, ""controlled_value_id"": 13, ""concatenated_attr_val"": ""12|13"", ""user_id"": 6537776, ""votes"": [], ""user"": {""id"": 6537776, ""login"": ""steven_smithyman"", ""spam"": false, ""suspended"": false, ""created_at"": ""2021-03-22T08:16:03+00:00"", ""login_autocomplete"": ""steven_smithyman"", ""login_exact"": ""steven_smithyman"", ""name"": ""Steven Smithyman"", ""name_autocomplete"": ""Steven Smithyman"", ""orcid"": null, ""icon"": ""https://static.inaturalist.org/attachments/users/icons/6537776/thumb.jpeg?1677650007"", ""observations_count"": 210, ""identifications_count"": 1, ""journal_posts_count"": 0, ""activity_count"": 211, ""species_count"": 136, ""annotated_observations_count"": 8, ""universal_search_rank"": 210, ""roles"": [], ""site_id"": 9, ""icon_url"": ""https://static.inaturalist.org/attachments/users/icons/6537776/medium.jpeg?1677650007""}, ""vote_score"": 0}]"
324413079,e9bd25f2-87f5-4fce-8ebe-fff3eadccc53,https://www.inaturalist.org/observations/324413079,2025-11-02T10:09:34+11:00,2025-11-02T10:34:10+11:00,,,,,,,,,Cyanicula caerulea,,,552476,species,10,48460/47126/211194/47125/47163/47218/47217/738348/752416/796655/415302,blue finger-orchid,False,False,False,False,False,False,-37.88430402,144.18967724,,"Steiglitz VIC 3331, Australia",Australia,Steiglitz VIC 3331,,"Steiglitz VIC 3331, Australia",,,2004-08-29,2004-08-29T15:09:00+10:00,Australia/Melbourne,research,1,0,2,True,steven_smithyman,6537776,1,https://inaturalist-open-data.s3.amazonaws.com/photos/587166820/original.jpg,inat_324413079_Cyanicula_caerulea_1.jpg,cc-by-nc,"(c) Steven Smithyman, some rights reserved (CC BY-NC)",http://en.wikipedia.org/wiki/Caladenia_caerulea,1792,,,[]
324413017,505325a1-be02-4c38-9931-88c54bbda25c,https://www.inaturalist.org/observations/324413017,2025-11-02T10:08:55+11:00,2025-11-02T12:52:01+11:00,,,,,,,,,Caladenia carnea,,,321090,species,10,48460/47126/211194/47125/47163/47218/47217/738348/752416/796655/140838,Pink Lady Fingers,True,False,False,False,False,False,-38.4681583333,144.05365,4,"Great Otway National Park, Eastern View, VIC, AU",AU,VIC,Eastern View,"Great Otway National Park, Eastern View, VIC, AU",,4,2025-11-02,2025-11-02T09:29:58+11:00,Australia/Melbourne,research,2,0,3,True,callumjpaul,3109638,4,https://inaturalist-open-data.s3.amazonaws.com/photos/587167513/original.jpg,inat_324413017_Caladenia_carnea_1.jpg,cc-by-nc,"(c) callumjpaul, some rights reserved (CC BY-NC)",https://en.wikipedia.org/wiki/Caladenia_carnea,8760,,,[]
324413017,505325a1-be02-4c38-9931-88c54bbda25c,https://www.inaturalist.org/observations/324413017,2025-11-02T10:08:55+11:00,2025-11-02T12:52:01+11:00,,,,,,,,,Caladenia carnea,,,321090,species,10,48460/47126/211194/47125/47163/47218/47217/738348/752416/796655/140838,Pink Lady Fingers,True,False,False,False,False,False,-38.4681583333,144.05365,4,"Great Otway National Park, Eastern View, VIC, AU",AU,VIC,Eastern View,"Great Otway National Park, Eastern View, VIC, AU",,4,2025-11-02,2025-11-02T09:29:58+11:00,Australia/Melbourne,research,2,0,3,True,callumjpaul,3109638,4,https://inaturalist-open-data.s3.amazonaws.com/photos/587167537/original.jpg,inat_324413017_Caladenia_carnea_2.jpg,cc-by-nc,"(c) callumjpaul, some rights reserved (CC BY-NC)",https://en.wikipedia.org/wiki/Caladenia_carnea,8760,,,[]
324413017,505325a1-be02-4c38-9931-88c54bbda25c,https://www.inaturalist.org/observations/324413017,2025-11-02T10:08:55+11:00,2025-11-02T12:52:01+11:00,,,,,,,,,Caladenia carnea,,,321090,species,10,48460/47126/211194/47125/47163/47218/47217/738348/752416/796655/140838,Pink Lady Fingers,True,False,False,False,False,False,-38.4681583333,144.05365,4,"Great Otway National Park, Eastern View, VIC, AU",AU,VIC,Eastern View,"Great Otway National Park, Eastern View, VIC, AU",,4,2025-11-02,2025-11-02T09:29:58+11:00,Australia/Melbourne,research,2,0,3,True,callumjpaul,3109638,4,https://inaturalist-open-data.s3.amazonaws.com/photos/587167571/original.jpg,inat_324413017_Caladenia_carnea_3.jpg,cc-by-nc,"(c) callumjpaul, some rights reserved (CC BY-NC)",https://en.wikipedia.org/wiki/Caladenia_carnea,8760,,,[]
324413017,505325a1-be02-4c38-9931-88c54bbda25c,https://www.inaturalist.org/observations/324413017,2025-11-02T10:08:55+11:00,2025-11-02T12:52:01+11:00,,,,,,,,,Caladenia carnea,,,321090,species,10,48460/47126/211194/47125/47163/47218/47217/738348/752416/796655/140838,Pink Lady Fingers,True,False,False,False,False,False,-38.4681583333,144.05365,4,"Great Otway National Park, Eastern View, VIC, AU",AU,VIC,Eastern View,"Great Otway National Park, Eastern View, VIC, AU",,4,2025-11-02,2025-11-02T09:29:58+11:00,Australia/Melbourne,research,2,0,3,True,callumjpaul,3109638,4,https://inaturalist-open-data.s3.amazonaws.com/photos/587167609/original.jpg,inat_324413017_Caladenia_carnea_4.jpg,cc-by-nc,"(c) callumjpaul, some rights reserved (CC BY-NC)",https://en.wikipedia.org/wiki/Caladenia_carnea,8760,,,[]
324412441,8ec56600-23d8-4ecb-8486-8ec3d5a89d63,https://www.inaturalist.org/observations/324412441,2025-11-02T10:05:08+11:00,2025-11-02T10:38:18+11:00,,,,,,,,,Glossodia major,,,83357,species,10,48460/47126/211194/47125/47163/47218/47217/738348/752416/796655/83358,Waxlip Orchid,True,False,True,False,False,False,-38.440975,144.9322666667,4,"Mornington Peninsula National Park, Cape Schanck, VIC, AU",AU,VIC,Cape Schanck,"Mornington Peninsula National Park, Cape Schanck, VIC, AU",,4,2025-10-25,2025-10-25T07:49:08+11:00,Australia/Melbourne,research,1,0,2,True,jennifermichelson,2384371,4,https://inaturalist-open-data.s3.amazonaws.com/photos/587166139/original.jpg,inat_324412441_Glossodia_major_1.jpg,cc-by-nc,"(c) Jennifer Michelson, some rights reserved (CC BY-NC)",https://en.wikipedia.org/wiki/Caladenia_major,12417,,,[]
324412441,8ec56600-23d8-4ecb-8486-8ec3d5a89d63,https://www.inaturalist.org/observations/324412441,2025-11-02T10:05:08+11:00,2025-11-02T10:38:18+11:00,,,,,,,,,Glossodia major,,,83357,species,10,48460/47126/211194/47125/47163/47218/47217/738348/752416/796655/83358,Waxlip Orchid,True,False,True,False,False,False,-38.440975,144.9322666667,4,"Mornington Peninsula National Park, Cape Schanck, VIC, AU",AU,VIC,Cape Schanck,"Mornington Peninsula National Park, Cape Schanck, VIC, AU",,4,2025-10-25,2025-10-25T07:49:08+11:00,Australia/Melbourne,research,1,0,2,True,jennifermichelson,2384371,4,https://inaturalist-open-data.s3.amazonaws.com/photos/587166205/original.jpg,inat_324412441_Glossodia_major_2.jpg,cc-by-nc,"(c) Jennifer Michelson, some rights reserved (CC BY-NC)",https://en.wikipedia.org/wiki/Caladenia_major,12417,,,[]
324412441,8ec56600-23d8-4ecb-8486-8ec3d5a89d63,https://www.inaturalist.org/observations/324412441,2025-11-02T10:05:08+11:00,2025-11-02T10:38:18+11:00,,,,,,,,,Glossodia major,,,83357,species,10,48460/47126/211194/47125/47163/47218/47217/738348/752416/796655/83358,Waxlip Orchid,True,False,True,False,False,False,-38.440975,144.9322666667,4,"Mornington Peninsula National Park, Cape Schanck, VIC, AU",AU,VIC,Cape Schanck,"Mornington Peninsula National Park, Cape Schanck, VIC, AU",,4,2025-10-25,2025-10-25T07:49:08+11:00,Australia/Melbourne,research,1,0,2,True,jennifermichelson,2384371,4,https://inaturalist-open-data.s3.amazonaws.com/photos/587166312/original.jpg,inat_324412441_Glossodia_major_3.jpg,cc-by-nc,"(c) Jennifer Michelson, some rights reserved (CC BY-NC)",https://en.wikipedia.org/wiki/Caladenia_major,12417,,,[]
324412441,8ec56600-23d8-4ecb-8486-8ec3d5a89d63,https://www.inaturalist.org/observations/324412441,2025-11-02T10:05:08+11:00,2025-11-02T10:38:18+11:00,,,,,,,,,Glossodia major,,,83357,species,10,48460/47126/211194/47125/47163/47218/47217/738348/752416/796655/83358,Waxlip Orchid,True,False,True,False,False,False,-38.440975,144.9322666667,4,"Mornington Peninsula National Park, Cape Schanck, VIC, AU",AU,VIC,Cape Schanck,"Mornington Peninsula National Park, Cape Schanck, VIC, AU",,4,2025-10-25,2025-10-25T07:49:08+11:00,Australia/Melbourne,research,1,0,2,True,jennifermichelson,2384371,4,https://inaturalist-open-data.s3.amazonaws.com/photos/587166393/original.jpg,inat_324412441_Glossodia_major_4.jpg,cc-by-nc,"(c) Jennifer Michelson, some rights reserved (CC BY-NC)",https://en.wikipedia.org/wiki/Caladenia_major,12417,,,[]
324411889,39e4135c-9805-4633-8c34-0fbee7fa5e55,https://www.inaturalist.org/observations/324411889,2025-11-02T10:01:22+11:00,2025-11-02T12:51:45+11:00,,,,,,,,,Thelymitra ixioides,,,83359,species,10,48460/47126/211194/47125/47163/47218/47217/738348/752416/796666/54686,spotted sun-orchid,True,False,False,False,False,False,-38.4583866667,144.0568083333,4,"Great Otway National Park, Eastern View, VIC, AU",AU,VIC,Eastern View,"Great Otway National Park, Eastern View, VIC, AU",,4,2025-11-02,2025-11-02T08:58:00+11:00,Australia/Melbourne,research,1,0,2,True,callumjpaul,3109638,3,https://inaturalist-open-data.s3.amazonaws.com/photos/587164936/original.jpg,inat_324411889_Thelymitra_ixioides_1.jpg,cc-by-nc,"(c) callumjpaul, some rights reserved (CC BY-NC)",http://en.wikipedia.org/wiki/Thelymitra_ixioides,4587,,,[]
324411889,39e4135c-9805-4633-8c34-0fbee7fa5e55,https://www.inaturalist.org/observations/324411889,2025-11-02T10:01:22+11:00,2025-11-02T12:51:45+11:00,,,,,,,,,Thelymitra ixioides,,,83359,species,10,48460/47126/211194/47125/47163/47218/47217/738348/752416/796666/54686,spotted sun-orchid,True,False,False,False,False,False,-38.4583866667,144.0568083333,4,"Great Otway National Park, Eastern View, VIC, AU",AU,VIC,Eastern View,"Great Otway National Park, Eastern View, VIC, AU",,4,2025-11-02,2025-11-02T08:58:00+11:00,Australia/Melbourne,research,1,0,2,True,callumjpaul,3109638,3,https://inaturalist-open-data.s3.amazonaws.com/photos/587164971/original.jpg,inat_324411889_Thelymitra_ixioides_2.jpg,cc-by-nc,"(c) callumjpaul, some rights reserved (CC BY-NC)",http://en.wikipedia.org/wiki/Thelymitra_ixioides,4587,,,[]
324411889,39e4135c-9805-4633-8c34-0fbee7fa5e55,https://www.inaturalist.org/observations/324411889,2025-11-02T10:01:22+11:00,2025-11-02T12:51:45+11:00,,,,,,,,,Thelymitra ixioides,,,83359,species,10,48460/47126/211194/47125/47163/47218/47217/738348/752416/796666/54686,spotted sun-orchid,True,False,False,False,False,False,-38.4583866667,144.0568083333,4,"Great Otway National Park, Eastern View, VIC, AU",AU,VIC,Eastern View,"Great Otway National Park, Eastern View, VIC, AU",,4,2025-11-02,2025-11-02T08:58:00+11:00,Australia/Melbourne,research,1,0,2,True,callumjpaul,3109638,3,https://inaturalist-open-data.s3.amazonaws.com/photos/587165004/original.jpg,inat_324411889_Thelymitra_ixioides_3.jpg,cc-by-nc,"(c) callumjpaul, some rights reserved (CC BY-NC)",http://en.wikipedia.org/wiki/Thelymitra_ixioides,4587,,,[]
324411666,959f588e-a179-47bd-a9a8-ee0b7713b976,https://www.inaturalist.org/observations/324411666,2025-11-02T09:59:41+11:00,2025-11-02T12:51:38+11:00,,,,,,,,,Pterostylis unicornis,,,1278453,species,10,48460/47126/211194/47125/47163/47218/47217/738348/544791/790363/83401,,False,False,False,False,False,False,-38.4682616667,144.0555583333,4,"Great Otway National Park, Moggs Creek, VIC, AU",AU,VIC,Moggs Creek,"Great Otway National Park, Moggs Creek, VIC, AU",,4,2025-11-02,2025-11-02T09:33:15+11:00,Australia/Melbourne,research,1,0,2,True,callumjpaul,3109638,3,https://inaturalist-open-data.s3.amazonaws.com/photos/587164446/original.jpg,inat_324411666_Pterostylis_unicornis_1.jpg,cc-by-nc,"(c) callumjpaul, some rights reserved (CC BY-NC)",,244,,,[]
324411666,959f588e-a179-47bd-a9a8-ee0b7713b976,https://www.inaturalist.org/observations/324411666,2025-11-02T09:59:41+11:00,2025-11-02T12:51:38+11:00,,,,,,,,,Pterostylis unicornis,,,1278453,species,10,48460/47126/211194/47125/47163/47218/47217/738348/544791/790363/83401,,False,False,False,False,False,False,-38.4682616667,144.0555583333,4,"Great Otway National Park, Moggs Creek, VIC, AU",AU,VIC,Moggs Creek,"Great Otway National Park, Moggs Creek, VIC, AU",,4,2025-11-02,2025-11-02T09:33:15+11:00,Australia/Melbourne,research,1,0,2,True,callumjpaul,3109638,3,https://inaturalist-open-data.s3.amazonaws.com/photos/587164483/original.jpg,inat_324411666_Pterostylis_unicornis_2.jpg,cc-by-nc,"(c) callumjpaul, some rights reserved (CC BY-NC)",,244,,,[]
324411666,959f588e-a179-47bd-a9a8-ee0b7713b976,https://www.inaturalist.org/observations/324411666,2025-11-02T09:59:41+11:00,2025-11-02T12:51:38+11:00,,,,,,,,,Pterostylis unicornis,,,1278453,species,10,48460/47126/211194/47125/47163/47218/47217/738348/544791/790363/83401,,False,False,False,False,False,False,-38.4682616667,144.0555583333,4,"Great Otway National Park, Moggs Creek, VIC, AU",AU,VIC,Moggs Creek,"Great Otway National Park, Moggs Creek, VIC, AU",,4,2025-11-02,2025-11-02T09:33:15+11:00,Australia/Melbourne,research,1,0,2,True,callumjpaul,3109638,3,https://inaturalist-open-data.s3.amazonaws.com/photos/587164900/original.jpg,inat_324411666_Pterostylis_unicornis_3.jpg,cc-by-nc,"(c) callumjpaul, some rights reserved (CC BY-NC)",,244,,,[]
324411433,0f05022c-138b-4677-ac92-90f14075aea9,https://www.inaturalist.org/observations/324411433,2025-11-02T09:57:56+11:00,2025-11-02T10:38:55+11:00,,,,,,,,,Caladenia moschata,,,553185,species,10,48460/47126/211194/47125/47163/47218/47217/738348/752416/796655/140838,Musky Caps,False,False,False,False,False,False,-37.8829322301,144.18624401,,"Steiglitz VIC 3331, Australia",Australia,Steiglitz VIC 3331,,"Steiglitz VIC 3331, Australia",,,2016-10-29,2016-10-29T16:05:00+11:00,Australia/Melbourne,research,1,0,2,True,steven_smithyman,6537776,1,https://inaturalist-open-data.s3.amazonaws.com/photos/587160918/original.jpg,inat_324411433_Caladenia_moschata_1.jpg,cc-by-nc,"(c) Steven Smithyman, some rights reserved (CC BY-NC)",http://en.wikipedia.org/wiki/Caladenia_moschata,1682,Only one plant found on property -  has not been seen before or after.,,"[{""uuid"": ""50b4ee60-4248-4a07-909a-f55d53ce1b83"", ""controlled_attribute_id"": 12, ""controlled_value_id"": 13, ""concatenated_attr_val"": ""12|13"", ""user_id"": 6537776, ""votes"": [], ""user"": {""id"": 6537776, ""login"": ""steven_smithyman"", ""spam"": false, ""suspended"": false, ""created_at"": ""2021-03-22T08:16:03+00:00"", ""login_autocomplete"": ""steven_smithyman"", ""login_exact"": ""steven_smithyman"", ""name"": ""Steven Smithyman"", ""name_autocomplete"": ""Steven Smithyman"", ""orcid"": null, ""icon"": ""https://static.inaturalist.org/attachments/users/icons/6537776/thumb.jpeg?1677650007"", ""observations_count"": 210, ""identifications_count"": 1, ""journal_posts_count"": 0, ""activity_count"": 211, ""species_count"": 136, ""annotated_observations_count"": 8, ""universal_search_rank"": 210, ""roles"": [], ""site_id"": 9, ""icon_url"": ""https://static.inaturalist.org/attachments/users/icons/6537776/medium.jpeg?1677650007""}, ""vote_score"": 0}]"
324411432,72f76d7b-6391-4a5d-a26f-d9e0ec2bea95,https://www.inaturalist.org/observations/324411432,2025-11-02T09:57:56+11:00,2025-11-02T10:02:38+11:00,,,,,,,,,Caladenia moschata,,,553185,species,10,48460/47126/211194/47125/47163/47218/47217/738348/752416/796655/140838,Musky Caps,False,False,False,False,False,False,-37.8829322301,144.18624401,,"Steiglitz VIC 3331, Australia",Australia,Steiglitz VIC 3331,,"Steiglitz VIC 3331, Australia",,,2016-10-29,2016-10-29T16:04:00+11:00,Australia/Melbourne,research,1,0,2,True,steven_smithyman,6537776,1,https://inaturalist-open-data.s3.amazonaws.com/photos/587160907/original.jpg,inat_324411432_Caladenia_moschata_1.jpg,cc-by-nc,"(c) Steven Smithyman, some rights reserved (CC BY-NC)",http://en.wikipedia.org/wiki/Caladenia_moschata,1682,Only one plant found on property -  has not been seen before or after.,,[]
324411183,5b0ccc7a-b385-404a-b47f-97d36d6496f4,https://www.inaturalist.org/observations/324411183,2025-11-02T11:56:05+13:00,2025-11-02T12:04:14+13:00,,,,,,,,,Thelymitra longifolia,,,406519,species,10,48460/47126/211194/47125/47163/47218/47217/738348/752416/796666/54686,Common Sun Orchid,True,False,False,False,False,False,-36.9041753997,174.6400658,,"Glen Eden, Auckland, New Zealand",New Zealand,Auckland,Glen Eden,"Glen Eden, Auckland, New Zealand",,,2025-11-02,2025-11-02T10:16:33+13:00,Pacific/Auckland,research,1,0,2,True,acnestis,7793217,4,https://inaturalist-open-data.s3.amazonaws.com/photos/587163415/original.jpg,inat_324411183_Thelymitra_longifolia_1.jpg,cc-by,"(c) Angus Campbell, some rights reserved (CC BY)",http://en.wikipedia.org/wiki/Thelymitra_longifolia,2015,,,"[{""uuid"": ""2042e15c-36f3-42cd-b07c-bdf5a074d5a0"", ""controlled_attribute_id"": 12, ""controlled_value_id"": 13, ""concatenated_attr_val"": ""12|13"", ""user_id"": 7793217, ""votes"": [], ""user"": {""id"": 7793217, ""login"": ""acnestis"", ""spam"": false, ""suspended"": false, ""created_at"": ""2024-02-13T02:20:55+00:00"", ""login_autocomplete"": ""acnestis"", ""login_exact"": ""acnestis"", ""name"": ""Angus Campbell"", ""name_autocomplete"": ""Angus Campbell"", ""orcid"": null, ""icon"": ""https://static.inaturalist.org/attachments/users/icons/7793217/thumb.jpeg?1715414914"", ""observations_count"": 2134, ""identifications_count"": 3706, ""journal_posts_count"": 0, ""activity_count"": 5840, ""species_count"": 935, ""annotated_observations_count"": 651, ""universal_search_rank"": 2134, ""roles"": [], ""site_id"": 3, ""icon_url"": ""https://static.inaturalist.org/attachments/users/icons/7793217/medium.jpeg?1715414914""}, ""vote_score"": 0}, {""uuid"": ""83b9aa12-0f7a-40fa-8a16-24374581e537"", ""controlled_attribute_id"": 12, ""controlled_value_id"": 15, ""concatenated_attr_val"": ""12|15"", ""user_id"": 7793217, ""votes"": [], ""user"": {""id"": 7793217, ""login"": ""acnestis"", ""spam"": false, ""suspended"": false, ""created_at"": ""2024-02-13T02:20:55+00:00"", ""login_autocomplete"": ""acnestis"", ""login_exact"": ""acnestis"", ""name"": ""Angus Campbell"", ""name_autocomplete"": ""Angus Campbell"", ""orcid"": null, ""icon"": ""https://static.inaturalist.org/attachments/users/icons/7793217/thumb.jpeg?1715414914"", ""observations_count"": 2134, ""identifications_count"": 3706, ""journal_posts_count"": 0, ""activity_count"": 5840, ""species_count"": 935, ""annotated_observations_count"": 651, ""universal_search_rank"": 2134, ""roles"": [], ""site_id"": 3, ""icon_url"": ""https://static.inaturalist.org/attachments/users/icons/7793217/medium.jpeg?1715414914""}, ""vote_score"": 0}]"
324411183,5b0ccc7a-b385-404a-b47f-97d36d6496f4,https://www.inaturalist.org/observations/324411183,2025-11-02T11:56:05+13:00,2025-11-02T12:04:14+13:00,,,,,,,,,Thelymitra longifolia,,,406519,species,10,48460/47126/211194/47125/47163/47218/47217/738348/752416/796666/54686,Common Sun Orchid,True,False,False,False,False,False,-36.9041753997,174.6400658,,"Glen Eden, Auckland, New Zealand",New Zealand,Auckland,Glen Eden,"Glen Eden, Auckland, New Zealand",,,2025-11-02,2025-11-02T10:16:33+13:00,Pacific/Auckland,research,1,0,2,True,acnestis,7793217,4,https://inaturalist-open-data.s3.amazonaws.com/photos/587163449/original.jpg,inat_324411183_Thelymitra_longifolia_2.jpg,cc-by,"(c) Angus Campbell, some rights reserved (CC BY)",http://en.wikipedia.org/wiki/Thelymitra_longifolia,2015,,,"[{""uuid"": ""2042e15c-36f3-42cd-b07c-bdf5a074d5a0"", ""controlled_attribute_id"": 12, ""controlled_value_id"": 13, ""concatenated_attr_val"": ""12|13"", ""user_id"": 7793217, ""votes"": [], ""user"": {""id"": 7793217, ""login"": ""acnestis"", ""spam"": false, ""suspended"": false, ""created_at"": ""2024-02-13T02:20:55+00:00"", ""login_autocomplete"": ""acnestis"", ""login_exact"": ""acnestis"", ""name"": ""Angus Campbell"", ""name_autocomplete"": ""Angus Campbell"", ""orcid"": null, ""icon"": ""https://static.inaturalist.org/attachments/users/icons/7793217/thumb.jpeg?1715414914"", ""observations_count"": 2134, ""identifications_count"": 3706, ""journal_posts_count"": 0, ""activity_count"": 5840, ""species_count"": 935, ""annotated_observations_count"": 651, ""universal_search_rank"": 2134, ""roles"": [], ""site_id"": 3, ""icon_url"": ""https://static.inaturalist.org/attachments/users/icons/7793217/medium.jpeg?1715414914""}, ""vote_score"": 0}, {""uuid"": ""83b9aa12-0f7a-40fa-8a16-24374581e537"", ""controlled_attribute_id"": 12, ""controlled_value_id"": 15, ""concatenated_attr_val"": ""12|15"", ""user_id"": 7793217, ""votes"": [], ""user"": {""id"": 7793217, ""login"": ""acnestis"", ""spam"": false, ""suspended"": false, ""created_at"": ""2024-02-13T02:20:55+00:00"", ""login_autocomplete"": ""acnestis"", ""login_exact"": ""acnestis"", ""name"": ""Angus Campbell"", ""name_autocomplete"": ""Angus Campbell"", ""orcid"": null, ""icon"": ""https://static.inaturalist.org/attachments/users/icons/7793217/thumb.jpeg?1715414914"", ""observations_count"": 2134, ""identifications_count"": 3706, ""journal_posts_count"": 0, ""activity_count"": 5840, ""species_count"": 935, ""annotated_observations_count"": 651, ""universal_search_rank"": 2134, ""roles"": [], ""site_id"": 3, ""icon_url"": ""https://static.inaturalist.org/attachments/users/icons/7793217/medium.jpeg?1715414914""}, ""vote_score"": 0}]"
