id,scientific_name,genus,species,author,family,common_names,country,elevation_meters,observation_date
517,Apostasia Blume,Apostasia,Blume,,,,Australia,,2025-01-23
619,Epistephium duckei Huber,Epistephium,duckei Huber,,,,,,
519,Apostasia fujianica Yuan Y. Li & S. R. Lan,Apostasia,fujianica Yuan,,,,,,
520,Apostasia latifolia Rolfe,Apostasia,latifolia Rolfe,,,,,,
524,Apostasia parvula Schltr.,Apostasia,parvula Schltr.,,,,,,
529,Neuwiedia griffithii Rchb.f.,Neuwiedia,griffithii Rchb.f.,,,,,,
533,Neuwiedia singapureana (Wall. ex Baker) Rolfe,Neuwiedia,singapureana Wall.,,,,,,
534,Neuwiedia veratrifolia Blume,Neuwiedia,veratrifolia Blume,,,,,,
535,Neuwiedia zollingeri Rchb.f.,Neuwiedia,zollingeri Rchb.f.,,,,,,
536,Neuwiedia zollingeri Rchb.f. var. annamensis (Gagnep.) Aver.,Neuwiedia,zollingeri Rchb.f.,,,,,,
10551,Ophrys x circae W. Rossi &amp; Prola,Ophrys,x,"",,"",,,
537,Neuwiedia zollingeri Rchb.f. var. javanica (J. J. Sm.) de Vogel,Neuwiedia,zollingeri Rchb.f.,,,,,,
1161,Disperis Sw.,Disperis,Sw.,,,,,,
547,Pogonia Juss.,Pogonia,Juss.,,,,,,
7773,Cranichis carlos-parrae Szlach. & Kolan.,Cranichis,carlos-parrae Szlach.,,,,,,
554,Cleistesiopsis Pansarin & F. Barros,Cleistesiopsis,Pansarin &,,,,,,
14423,Aa fiebrigii (Schltr.) Schltr.,Aa,fiebrigii,"",,"",,,
7945,Maxillaria species,Maxillaria,species,"",,Maxillaria species,,,
562,Cleistes aphylla Hoehne,Cleistes,aphylla Hoehne,,,,,,
587,Cleistes pallida Funez & Pansarin,Cleistes,pallida Funez,,,,,,
949,Phragmipedium x richteri Roeth & O. Gruss,Phragmipedium,x richteri,,,,,,
695,Vanilla barbellata Rchb.f.,Vanilla,barbellata Rchb.f.,,,,,,
727,Vanilla edwallii Hoehne,Vanilla,edwallii Hoehne,,,,,,
790,Vanilla seranica J. J. Sm.,Vanilla,seranica J.,,,,,,
807,Cyrtosia falconeri (Hook.f.) Aver.,Cyrtosia,falconeri Hook.f.,,,,,,
872,Cypripedium lichiangense P. J. Cribb & S. C. Chen,Cypripedium,lichiangense P.,,,,,,
7905,Cattleya aurantiaca,Cattleya,aurantiaca,(Bateman ex Lindl.) P.N.Don,,Orange Cattleya,,,
631,Epistephium parviflorum Lindl.,Epistephium,parviflorum Lindl.,,,,,,
1086,Paphiopedilum villosum (Lindl.) Stein,Paphiopedilum,villosum Lindl.,,,,,,
918,Phragmipedium boissierianum (Rchb.f. & Warsz.) Rolfe var. czerwiakowianum (Rchb.f. & Warsz.) O. Gruss,Phragmipedium,boissierianum Rchb.f.,,,,,,
7908,Cattleya species,Cattleya,species,"",,Cattleya species,,,
970,Paphiopedilum bellatulum (Rchb.f.) Stein,Paphiopedilum,bellatulum Rchb.f.,,,,,,
982,Paphiopedilum concolor (Bateman) Pfitzer var. chlorophyllum (Rchb.f.) Pfitzer,Paphiopedilum,concolor Bateman,,,,,,
1088,Paphiopedilum villosum (Lindl.) Stein var. boxallii (Rchb.f.) Pfitzer,Paphiopedilum,villosum Lindl.,,,,,,
1090,Paphiopedilum villosum (Lindl.) Stein var. laichaunum N. S. Hai & N. H. Tuan,Paphiopedilum,villosum Lindl.,,,,,,
1110,Paphiopedilum x expansum J. T. Atwood,Paphiopedilum,x expansum,,,,,,
7912,Dendrobium nobile,Dendrobium,nobile,Lindl.,,Noble Dendrobium,,,
29370,Sanderella Kuntze,Sanderella,"","",,"",,,
564,Cleistes batistana Pansarin & F. Barros,Cleistes,batistana Pansarin,,,,,,
590,Cleistes parviflora Lindl.,Cleistes,parviflora Lindl.,,,,,,
654,Lecanorchis kiusiana Tuyama,Lecanorchis,kiusiana Tuyama,,,,,,
751,Vanilla labellopapillata A. K. Koch,Vanilla,labellopapillata A.,,,,,,
803,Vanilla wariensis Schltr.,Vanilla,wariensis Schltr.,,,,,,
810,Cyrtosia lindleyana Hook.f. & Thomson,Cyrtosia,lindleyana Hook.f.,,,,,,
996,Paphiopedilum glanduliferum (Blume) Stein,Paphiopedilum,glanduliferum Blume,,,,,,
1121,Paphiopedilum x mittrachianum O. Gruss,Paphiopedilum,x mittrachianum,,,,,,
1132,Paphiopedilum x sinovillosum Z. J. Liu & S. C. Chen,Paphiopedilum,x sinovillosum,,,,,,
7924,Cymbidium goeringii,Cymbidium,goeringii,(Rchb.f.) Rchb.f.,,Noble Cymbidium,,,
7907,Cattleya intermedia,Cattleya,intermedia,Graham,,Intermediate Cattleya,,,
31389,Lycomormium Rchb.f.,Lycomormium,"","",,"",,,
7782,Cranichis cucullata Schltr.,Cranichis,cucullata Schltr.,,,,,,
29897,Maxillaria furfuracea Scheidw.,Maxillaria,furfuracea,"",,"",,,
17319,Dendrobium elineae (Calaramo,Dendrobium,elineae,"",,"",,,
32762,Epidendrum kuelapense (Szlach. &amp; Mytnik) J. M. H. Shaw,Epidendrum,kuelapense,"",,"",,,
19044,Bulbophyllum dschischungarense Schltr.,Bulbophyllum,dschischungarense,"",,"",,,
33353,Epidendrum pustulosum Rinc.-Gonz&aacute;lez,Epidendrum,pustulosum,"",,"",,,
17118,Dendrobium caudiculatum (M. A. Clem. &amp; D. L. Jones) Schuit. &amp; de Vogel,Dendrobium,caudiculatum,"",,"",,,
20551,Bulbophyllum veldkampii J. J. Verm. &amp; P. O'Byrne,Bulbophyllum,veldkampii,"",,"",,,
17853,Dendrobium obcuneatum F. M. Bailey,Dendrobium,obcuneatum,"",,"",,,
20266,Bulbophyllum sensile Ames,Bulbophyllum,sensile,"",,"",,,
19231,Bulbophyllum goliathense J. J. Sm.,Bulbophyllum,goliathense,"",,"",,,
19480,Bulbophyllum latibrachiatum J. J. Sm.,Bulbophyllum,latibrachiatum,"",,"",,,
20418,Bulbophyllum tenuislinguae T. P. Lin &amp; Shu H. Wu,Bulbophyllum,tenuislinguae,"",,"",,,
30272,Maxillaria tiaraensis Carnevali &amp; G. A. Romero,Maxillaria,tiaraensis,"",,"",,,
32907,Epidendrum maroniense H&aacute;gsater &amp; E. Santiago,Epidendrum,maroniense,"",,"",,,
30135,Maxillaria poicilothece Schltr.,Maxillaria,poicilothece,"",,"",,,
33735,Epidendrum villenae H&aacute;gsater &amp; E. Santiago,Epidendrum,villenae,"",,"",,,
32240,Epidendrum chirripoense H&aacute;gsater,Epidendrum,chirripoense,"",,"",,,
19478,Bulbophyllum lasioglossum Rolfe ex Ames,Bulbophyllum,lasioglossum,"",,"",,,
17697,Dendrobium longipedicellatum de Vogel,Dendrobium,longipedicellatum,"",,"",,,
39752,Pleurothallis ankyloglossa Luer &amp; Hirtz,Pleurothallis,ankyloglossa,"",,"",,,
575,Cleistes idroboi Szlach. & Baranow,Cleistes,idroboi Szlach.,,,,,,
656,Lecanorchis malaccensis Ridl.,Lecanorchis,malaccensis Ridl.,,,,,,
753,Vanilla madagascariensis Rolfe,Vanilla,madagascariensis Rolfe,,,,,,
811,Cyrtosia nana (Rolfe ex Downie) Garay,Cyrtosia,nana Rolfe,,,,,,
1034,Paphiopedilum niveum (Rchb.f.) Stein,Paphiopedilum,niveum Rchb.f.,,,,,,
1051,Paphiopedilum rothschildianum (Rchb.f.) Stein,Paphiopedilum,rothschildianum Rchb.f.,,,,,,
25309,Aerides maculosa Lindl.,Aerides,maculosa,"",,"",,,
30113,Maxillaria pergracilis (Schltr.) Schuit. &amp; M. W. Chase,Maxillaria,pergracilis,"",,"",,,
17498,Dendrobium hocklengii P. T. Ong,Dendrobium,hocklengii,"",,"",,,
19697,Bulbophyllum microtes Schltr.,Bulbophyllum,microtes,"",,"",,,
18693,Bulbophyllum bolivianum Schltr.,Bulbophyllum,bolivianum,"",,"",,,
40225,Pleurothallis somnolenta Luer,Pleurothallis,somnolenta,"",,"",,,
33793,Epidendrum xelidonourum H&aacute;gsater &amp; H. Medina,Epidendrum,xelidonourum,"",,"",,,
18853,Bulbophyllum clipeibulbum J. J. Verm.,Bulbophyllum,clipeibulbum,"",,"",,,
19188,Bulbophyllum furcillatum J. J. Verm. &amp; P. O'Byrne,Bulbophyllum,furcillatum,"",,"",,,
40022,Pleurothallis litotes Luer,Pleurothallis,litotes,"",,"",,,
17065,Dendrobium brevimentum Seidenf.,Dendrobium,brevimentum,"",,"",,,
18388,Dendrobium vanhulstijnii J. J. Sm.,Dendrobium,vanhulstijnii,"",,"",,,
32233,Epidendrum chimalapense H&aacute;gsater &amp; Salazar,Epidendrum,chimalapense,"",,"",,,
28499,Oncidium manningianum K&ouml;niger,Oncidium,manningianum,"",,"",,,
30174,Maxillaria ramosissima Kraenzl.,Maxillaria,ramosissima,"",,"",,,
33612,Epidendrum tambillense H&aacute;gsater,Epidendrum,tambillense,"",,"",,,
33346,Epidendrum puninnocturnum H&aacute;gsater &amp; J. Duarte,Epidendrum,puninnocturnum,"",,"",,,
18463,Dendrobium xanthoacron Schltr.,Dendrobium,xanthoacron,"",,"",,,
29709,Maxillaria appendiculoides C. Schweinf.,Maxillaria,appendiculoides,"",,"",,,
20015,Bulbophyllum polyblepharon Schltr.,Bulbophyllum,polyblepharon,"",,"",,,
19650,Bulbophyllum mastersianum (Rolfe) J. J. Sm.,Bulbophyllum,mastersianum,"",,"",,,
40200,Pleurothallis scabrilinguis Lindl.,Pleurothallis,scabrilinguis,"",,"",,,
33007,Epidendrum moralesii H&aacute;gsater,Epidendrum,moralesii,"",,"",,,
18088,Dendrobium rhipidolobum Schltr.,Dendrobium,rhipidolobum,"",,"",,,
33116,Epidendrum orientale H&aacute;gsater &amp; M. A. D&iacute;az,Epidendrum,orientale,"",,"",,,
33496,Epidendrum septipartitum H&aacute;gsater,Epidendrum,septipartitum,"",,"",,,
33449,Epidendrum salpichlamys H&aacute;gsater &amp; E. Santiago,Epidendrum,salpichlamys,"",,"",,,
18588,Bulbophyllum arcaniflorum Ridl.,Bulbophyllum,arcaniflorum,"",,"",,,
33535,Epidendrum spasmosum H&aacute;gsater &amp; Dodson,Epidendrum,spasmosum,"",,"",,,
18618,Bulbophyllum atroviride J. J. Verm.,Bulbophyllum,atroviride,"",,"",,,
17286,Dendrobium diaphanum Schltr.,Dendrobium,diaphanum,"",,"",,,
660,Lecanorchis multiflora J. J. Sm. var. bihuensis (T. P. Lin & Shu H. Wu) T. P. Lin,Lecanorchis,multiflora J.,,,,,,
17993,Dendrobium polyphyllum Schltr.,Dendrobium,polyphyllum,"",,"",,,
771,Vanilla phaeantha Rchb.f.,Vanilla,phaeantha Rchb.f.,,,,,,
816,Galeola faberi Rolfe,Galeola,faberi Rolfe,,,,,,
18657,Bulbophyllum beccarii Rchb.f.,Bulbophyllum,beccarii,"",,"",,,
40085,Pleurothallis neorinkei A. Doucette,Pleurothallis,neorinkei,"",,"",,,
1545,Satyrium ligulatum Lindl.,Satyrium,ligulatum Lindl.,,,,,,
19804,Bulbophyllum novae-hiberniae Schltr.,Bulbophyllum,novae-hiberniae,"",,"",,,
17609,Dendrobium klabatense Schltr.,Dendrobium,klabatense,"",,"",,,
17652,Dendrobium latoureoides (Schltr.) J. J. Sm.,Dendrobium,latoureoides,"",,"",,,
33603,Epidendrum syringodes Schltr.,Epidendrum,syringodes,"",,"",,,
25436,Vanda x moorei Rolfe,Vanda,x,"",,"",,,
32159,Epidendrum calyptratoides H&aacute;gsater &amp; Dodson,Epidendrum,calyptratoides,"",,"",,,
25427,Vanda x charlesworthii Rolfe,Vanda,x,"",,"",,,
32479,Epidendrum euspathum Kraenzl.,Epidendrum,euspathum,"",,"",,,
29785,Maxillaria chimalapana Soto Arenas &amp; Salazar,Maxillaria,chimalapana,"",,"",,,
17716,Dendrobium macrifolium J. J. Sm.,Dendrobium,macrifolium,"",,"",,,
31980,Epidendrum andinum Carnevali &amp; G. A. Romero,Epidendrum,andinum,"",,"",,,
29840,Maxillaria disticha (Lindl.) C. Schweinf.,Maxillaria,disticha,"",,"",,,
32487,Epidendrum exiguum Ames &amp; C. Schweinf.,Epidendrum,exiguum,"",,"",,,
30239,Maxillaria spilotantha Rchb.f.,Maxillaria,spilotantha,"",,"",,,
17018,Dendrobium barbatum Breda,Dendrobium,barbatum,"",,"",,,
33796,Epidendrum xylostachyum Lindl.,Epidendrum,xylostachyum,"",,"",,,
19758,Bulbophyllum najae J. J. Verm.,Bulbophyllum,najae,"",,"",,,
605,Cleistes unifoliata (C. Schweinf.) Carnevali & I. Ramírez,Cleistes,unifoliata C.,,,,,,
676,Lecanorchis vietnamica Aver.,Lecanorchis,vietnamica Aver.,,,,,,
18079,Dendrobium regium Prain,Dendrobium,regium,"",,"",,,
17313,Dendrobium eboracense Kraenzl.,Dendrobium,eboracense,"",,"",,,
28323,Oncidium altissimum (Jacq.) Sw.,Oncidium,altissimum,"",,"",,,
18778,Bulbophyllum cariniflorum Rchb.f.,Bulbophyllum,cariniflorum,"",,"",,,
25404,Vanda miniata (Lindl.) L. M. Gardiner,Vanda,miniata,"",,"",,,
19428,Bulbophyllum kelelense Schltr.,Bulbophyllum,kelelense,"",,"",,,
33037,Epidendrum narinense H&aacute;gsater,Epidendrum,narinense,"",,"",,,
20053,Bulbophyllum ptiloglossum H. Wendl. &amp; Kraenzl.,Bulbophyllum,ptiloglossum,"",,"",,,
20569,Bulbophyllum violaceolabellum Seidenf.,Bulbophyllum,violaceolabellum,"",,"",,,
31986,Epidendrum angeloglossum H&aacute;gsater &amp; Dodson,Epidendrum,angeloglossum,"",,"",,,
17145,Dendrobium chrysotainium Schltr.,Dendrobium,chrysotainium,"",,"",,,
19247,Bulbophyllum graveolens (F. M. Bailey) J. J. Sm.,Bulbophyllum,graveolens,"",,"",,,
34305,Cattleya guaicuhyensis (Rosim) Van den Berg,Cattleya,guaicuhyensis,"",,"",,,
17933,Dendrobium patentissimum J. J. Sm.,Dendrobium,patentissimum,"",,"",,,
28597,Oncidium sessile Lindl. &amp; Paxton,Oncidium,sessile,"",,"",,,
18924,Bulbophyllum cruciatum J. J. Sm.,Bulbophyllum,cruciatum,"",,"",,,
608,Cleistes violascens Campacci,Cleistes,violascens Campacci,,,,,,
19661,Bulbophyllum medusae (Lindl.) Rchb.f.,Bulbophyllum,medusae,"",,"",,,
18225,Dendrobium spurium (Blume) J. J. Sm,Dendrobium,spurium,"",,"",,,
614,Epistephium araracuarae Szlach.,Epistephium,araracuarae Szlach.,,,,,,
18119,Dendrobium rugosum (Blume) Lindl.,Dendrobium,rugosum,"",,"",,,
19292,Bulbophyllum hemisterranthum J. J. Verm. &amp; P. O'Byrne,Bulbophyllum,hemisterranthum,"",,"",,,
20311,Bulbophyllum solangeanum Campacci,Bulbophyllum,solangeanum,"",,"",,,
17350,Dendrobium eximium Schltr.,Dendrobium,eximium,"",,"",,,
33604,Epidendrum syringothyrsis Rchb.f. ex Hook.f.,Epidendrum,syringothyrsis,"",,"",,,
19901,Bulbophyllum papillatum J. J. Sm.,Bulbophyllum,papillatum,"",,"",,,
32564,Epidendrum geniculatum Barb. Rodr.,Epidendrum,geniculatum,"",,"",,,
20369,Bulbophyllum suavissimum Rolfe,Bulbophyllum,suavissimum,"",,"",,,
29957,Maxillaria janiceae Christenson,Maxillaria,janiceae,"",,"",,,
25350,Vanda bidupensis Aver. &amp; Christenson,Vanda,bidupensis,"",,"",,,
18769,Bulbophyllum capitatum (Blume) Lindl.,Bulbophyllum,capitatum,"",,"",,,
19091,Bulbophyllum erioides Schltr.,Bulbophyllum,erioides,"",,"",,,
40123,Pleurothallis penicillata Luer,Pleurothallis,penicillata,"",,"",,,
20075,Bulbophyllum purpureorhachis (De Wild.) Schltr.,Bulbophyllum,purpureorhachis,"",,"",,,
28430,Oncidium hagsaterianum R. Jim&eacute;nez &amp; Soto Arenas,Oncidium,hagsaterianum,"",,"",,,
39906,Pleurothallis dukei Luer,Pleurothallis,dukei,"",,"",,,
28374,Oncidium colombianum (Szlach. &amp; Kolan.) J. M. H. Shaw,Oncidium,colombianum,"",,"",,,
29754,Maxillaria broadwayi (Cogn.) R. E. Schult.,Maxillaria,broadwayi,"",,"",,,
20290,Bulbophyllum silentvalliensis M. P. Sharma &amp; S. K. Srivast.,Bulbophyllum,silentvalliensis,"",,"",,,
32859,Epidendrum lutescens H&aacute;gsater,Epidendrum,lutescens,"",,"",,,
33368,Epidendrum rahuii H&aacute;gsater,Epidendrum,rahuii,"",,"",,,
18028,Dendrobium pseudolamellatum J. J. Wood &amp; A. Lamb,Dendrobium,pseudolamellatum,"",,"",,,
39871,Pleurothallis culpameae (Luer) J. M. H. Shaw,Pleurothallis,culpameae,"",,"",,,
19435,Bulbophyllum kermesinostriatum (J. J. Sm.) J. J. Verm.,Bulbophyllum,kermesinostriatum,"",,"",,,
40001,Pleurothallis kashi-menkakarai Mashendo-Jimb.,Pleurothallis,kashi-menkakarai,"",,"",,,
32032,Epidendrum astetei H&aacute;gsater,Epidendrum,astetei,"",,"",,,
33501,Epidendrum sertorum Garay &amp; Dunst.,Epidendrum,sertorum,"",,"",,,
19949,Bulbophyllum perpendiculare Schltr.,Bulbophyllum,perpendiculare,"",,"",,,
32587,Epidendrum grammipetalostachyum H&aacute;gsater &amp; E. Santiago,Epidendrum,grammipetalostachyum,"",,"",,,
20272,Bulbophyllum serripetalum Schltr.,Bulbophyllum,serripetalum,"",,"",,,
18967,Bulbophyllum dearei W. Watson,Bulbophyllum,dearei,"",,"",,,
40168,Pleurothallis renieana (Luer &amp; Sijm) J. M. H. Shaw,Pleurothallis,renieana,"",,"",,,
20368,Bulbophyllum stylocoryphe J. J. Verm. &amp; P. O'Byrne,Bulbophyllum,stylocoryphe,"",,"",,,
17912,Dendrobium papilioniferum J. J. Sm.,Dendrobium,papilioniferum,"",,"",,,
32572,Epidendrum gloria-imperatrix H&aacute;gsater &amp; G. Calat.,Epidendrum,gloria-imperatrix,"",,"",,,
19037,Bulbophyllum drepananthum J. J. Verm.,Bulbophyllum,drepananthum,"",,"",,,
17865,Dendrobium ochroleucum Teijsm. &amp; Binn.,Dendrobium,ochroleucum,"",,"",,,
19548,Bulbophyllum liparidioides Schltr.,Bulbophyllum,liparidioides,"",,"",,,
34484,Cattleya x sancheziana Hoehne,Cattleya,x,"",,"",,,
40280,Pleurothallis tuzae Luer,Pleurothallis,tuzae,"",,"",,,
19107,Bulbophyllum exasperatum Schltr.,Bulbophyllum,exasperatum,"",,"",,,
34415,Cattleya x cullenii U. B. Deshmukh &amp; J. M. H. Shaw,Cattleya,x,"",,"",,,
20123,Bulbophyllum renipetalum Schltr.,Bulbophyllum,renipetalum,"",,"",,,
34476,Cattleya x paulae E. L. F. Menezes &amp; J. V. Corr&eacute;a,Cattleya,x,"",,"",,,
32262,Epidendrum ciliipetalum (Garay) H&aacute;gsater &amp; E. Santiago,Epidendrum,ciliipetalum,"",,"",,,
40284,Pleurothallis upanoensis Luer &amp; Hirtz,Pleurothallis,upanoensis,"",,"",,,
16969,Dendrobium arachnoideum Schltr.,Dendrobium,arachnoideum,"",,"",,,
40307,Pleurothallis xipochila Rchb.f.,Pleurothallis,xipochila,"",,"",,,
18392,Dendrobium vannouhuysii J. J. Sm.,Dendrobium,vannouhuysii,"",,"",,,
19007,Bulbophyllum dichromum Rolfe,Bulbophyllum,dichromum,"",,"",,,
26650,Cymbidium atrolabium X. Y. Liao,Cymbidium,atrolabium,"",,"",,,
33744,Epidendrum viridiflavum H&aacute;gsater &amp; J. D. Medina,Epidendrum,viridiflavum,"",,"",,,
32213,Epidendrum centronum H&aacute;gsater &amp; Dodson,Epidendrum,centronum,"",,"",,,
20556,Bulbophyllum verrucosum (L. O. Williams) J. J. Verm.,Bulbophyllum,verrucosum,"",,"",,,
18899,Bulbophyllum cophocropion J. J. Verm. &amp; Schuit.,Bulbophyllum,cophocropion,"",,"",,,
20485,Bulbophyllum trigonobulbum Schltr. &amp; J. J. Sm.,Bulbophyllum,trigonobulbum,"",,"",,,
32446,Epidendrum eduardo-perezii H&aacute;gsater &amp; E. Santiago,Epidendrum,eduardo-perezii,"",,"",,,
29882,Maxillaria foldatsiana Carnevali &amp; I. Ram&iacute;rez,Maxillaria,foldatsiana,"",,"",,,
19401,Bulbophyllum japrii Cavestro,Bulbophyllum,japrii,"",,"",,,
20170,Bulbophyllum rubrigemmum Hermans,Bulbophyllum,rubrigemmum,"",,"",,,
34372,Cattleya rex O'Brien,Cattleya,rex,"",,"",,,
14424,Aa figueroi Szlach. &amp; S. Nowak,Aa,figueroi,"",,"",,,
18649,Bulbophyllum barbigerum Lindl.,Bulbophyllum,barbigerum,"",,"",,,
40065,Pleurothallis membracidoides Luer,Pleurothallis,membracidoides,"",,"",,,
17525,Dendrobium igneum J. J. Sm.,Dendrobium,igneum,"",,"",,,
29969,Maxillaria kolanowskae R. Kr. Singh,Maxillaria,kolanowskae,"",,"",,,
40047,Pleurothallis mammillata Luer,Pleurothallis,mammillata,"",,"",,,
32656,Epidendrum huamantuparum H&aacute;gsater &amp; E. Santiago,Epidendrum,huamantuparum,"",,"",,,
19893,Bulbophyllum pallidum Seidenf.,Bulbophyllum,pallidum,"",,"",,,
33655,Epidendrum trapeziinocturnum Bar.-Colm. &amp; H&aacute;gsater,Epidendrum,trapeziinocturnum,"",,"",,,
32611,Epidendrum haenkeanum C. Presl,Epidendrum,haenkeanum,"",,"",,,
28546,Oncidium peltiforme K&ouml;niger,Oncidium,peltiforme,"",,"",,,
20430,Bulbophyllum theioglossum Schltr.,Bulbophyllum,theioglossum,"",,"",,,
26660,Cymbidium codonanthum Yuting Jiang,Cymbidium,codonanthum,"",,"",,,
18455,Dendrobium x suffusum Cady,Dendrobium,x,"",,"",,,
34477,Cattleya x peregrine Sander,Cattleya,x,"",,"",,,
32785,Epidendrum lasiostachyum Rodr.-Mart.,Epidendrum,lasiostachyum,"",,"",,,
39933,Pleurothallis furcifera Luer,Pleurothallis,furcifera,"",,"",,,
30132,Maxillaria plicata Schltr.,Maxillaria,plicata,"",,"",,,
17822,Dendrobium nazaretii (P. O'Byrne &amp; J. J. Verm.) Schuit. &amp; Peter B. Adams,Dendrobium,nazaretii,"",,"",,,
20229,Bulbophyllum scaphioglossum J. J. Verm. &amp; Rysy,Bulbophyllum,scaphioglossum,"",,"",,,
17122,Dendrobium centrosepalum Schuit. et al.,Dendrobium,centrosepalum,"",,"",,,
19421,Bulbophyllum kapitense J. J. Verm.,Bulbophyllum,kapitense,"",,"",,,
17009,Dendrobium balzerianum Fessel &amp; L&uuml;ckel,Dendrobium,balzerianum,"",,"",,,
32939,Epidendrum mesocarpum H&aacute;gsater,Epidendrum,mesocarpum,"",,"",,,
33819,Epidendrum zosterifolium F. Lehm. &amp; Kraenzl.,Epidendrum,zosterifolium,"",,"",,,
32696,Epidendrum infaustum Rchb.f.,Epidendrum,infaustum,"",,"",,,
28684,Oncidium x rolfei J. M. H. Shaw,Oncidium,x,"",,"",,,
30250,Maxillaria striolata D. E. Benn. &amp; Christenson,Maxillaria,striolata,"",,"",,,
32993,Epidendrum monicarmasiae Cornejo &amp; H&aacute;gsater,Epidendrum,monicarmasiae,"",,"",,,
20201,Bulbophyllum sandrangatense Bosser,Bulbophyllum,sandrangatense,"",,"",,,
19116,Bulbophyllum falcatum (Lindl.) Rchb.f.,Bulbophyllum,falcatum,"",,"",,,
17685,Dendrobium lobulatum Rolfe ex J. J. Sm.,Dendrobium,lobulatum,"",,"",,,
25500,Phalaenopsis hygrochila J. M. H. Shaw,Phalaenopsis,hygrochila,"",,"",,,
34430,Cattleya x fidelensis (Pabst) Van den Berg,Cattleya,x,"",,"",,,
17431,Dendrobium gnomus Ames,Dendrobium,gnomus,"",,"",,,
17591,Dendrobium keithii Ridl.,Dendrobium,keithii,"",,"",,,
29753,Maxillaria brigittheae Molinari,Maxillaria,brigittheae,"",,"",,,
18222,Dendrobium sphenochilum F. Muell. &amp; Kraenzl. ex Kraenzl.,Dendrobium,sphenochilum,"",,"",,,
30156,Maxillaria pterocarpa Barb. Rodr.,Maxillaria,pterocarpa,"",,"",,,
18619,Bulbophyllum attenuatum Rolfe,Bulbophyllum,attenuatum,"",,"",,,
19383,Bulbophyllum inversum Schltr.,Bulbophyllum,inversum,"",,"",,,
20365,Bulbophyllum striatulum Aver.,Bulbophyllum,striatulum,"",,"",,,
18744,Bulbophyllum caldericola G. F. Walsh,Bulbophyllum,caldericola,"",,"",,,
19892,Bulbophyllum pallidulum J. J. Verm.,Bulbophyllum,pallidulum,"",,"",,,
30233,Maxillaria soconuscana Breedlove &amp; Mally,Maxillaria,soconuscana,"",,"",,,
34448,Cattleya x jetibaensis (V. P. Castro &amp; G. F. Carr) Van den Berg,Cattleya,x,"",,"",,,
19402,Bulbophyllum jayi J. J. Verm. &amp; A. Lamb,Bulbophyllum,jayi,"",,"",,,
33387,Epidendrum repaskyae H&aacute;gsater,Epidendrum,repaskyae,"",,"",,,
28377,Oncidium coquianum Pupulin &amp; Dalstr&ouml;m,Oncidium,coquianum,"",,"",,,
18312,Dendrobium tetrapterum M. Z. Huang,Dendrobium,tetrapterum,"",,"",,,
19660,Bulbophyllum medioximum J. J. Verm.,Bulbophyllum,medioximum,"",,"",,,
33305,Epidendrum presbyteri-ludgeronis Gomes Ferreira,Epidendrum,presbyteri-ludgeronis,"",,"",,,
18568,Bulbophyllum anodon J. J. Verm.,Bulbophyllum,anodon,"",,"",,,
34494,Cattleya x victoriacarolinae (Campacci &amp; C. R. Espejo) J. M. H. Shaw,Cattleya,x,"",,"",,,
30154,Maxillaria pseudopicta Rysy &amp; Baumbach,Maxillaria,pseudopicta,"",,"",,,
18646,Bulbophyllum barbasapientis J. J. Verm. &amp; P. O'Byrne,Bulbophyllum,barbasapientis,"",,"",,,
19477,Bulbophyllum lasiogaster J. J. Verm. &amp; P. O'Byrne,Bulbophyllum,lasiogaster,"",,"",,,
18828,Bulbophyllum chrysotes Schltr.,Bulbophyllum,chrysotes,"",,"",,,
28562,Oncidium portillaellum M. W. Chase &amp; N. H. Williams,Oncidium,portillaellum,"",,"",,,
20293,Bulbophyllum simii J. J. Verm. &amp; A. Lamb,Bulbophyllum,simii,"",,"",,,
28598,Oncidium silvanoi K&ouml;niger,Oncidium,silvanoi,"",,"",,,
39971,Pleurothallis hispidula (Luer &amp; R. Escobar) J. M. H. Shaw,Pleurothallis,hispidula,"",,"",,,
32093,Epidendrum bitriangulare Sierra-Ariza,Epidendrum,bitriangulare,"",,"",,,
18814,Bulbophyllum chinense (Lindl.) Rchb.f.,Bulbophyllum,chinense,"",,"",,,
32677,Epidendrum igneum H&aacute;gsater,Epidendrum,igneum,"",,"",,,
32158,Epidendrum calyptrandrium H&aacute;gsater,Epidendrum,calyptrandrium,"",,"",,,
531,Neuwiedia malipoensis Z. J. Liu,Neuwiedia,malipoensis Z.,,,,,,
29941,Maxillaria horichii Senghas,Maxillaria,horichii,"",,"",,,
19785,Bulbophyllum newportii (F. M. Bailey) Rolfe,Bulbophyllum,newportii,"",,"",,,
8195,Vanilla ochyrae Szlach. &amp; Olszewski,Vanilla,ochyrae,"",,"",,,
25407,Vanda perplexa Motes &amp; D. L. Roberts,Vanda,perplexa,"",,"",,,
32730,Epidendrum jativae Dodson,Epidendrum,jativae,"",,"",,,
39759,Pleurothallis applanata Luer &amp; Dalstr&ouml;m,Pleurothallis,applanata,"",,"",,,
20501,Bulbophyllum trongquyetii Vuong,Bulbophyllum,trongquyetii,"",,"",,,
32302,Epidendrum condorense H&aacute;gsater &amp; Dodson,Epidendrum,condorense,"",,"",,,
18193,Dendrobium simplex J. J. Sm.,Dendrobium,simplex,"",,"",,,
18164,Dendrobium scotiiforme J. J. Sm.,Dendrobium,scotiiforme,"",,"",,,
30070,Maxillaria nivea (Lindl.) L. O. Williams,Maxillaria,nivea,"",,"",,,
17556,Dendrobium isochiloides Kraenzl.,Dendrobium,isochiloides,"",,"",,,
20009,Bulbophyllum plumatum Ames,Bulbophyllum,plumatum,"",,"",,,
20449,Bulbophyllum tokioi Fukuy.,Bulbophyllum,tokioi,"",,"",,,
16926,Dendrobium albopurpureum (Seidenf.) Schuit. &amp; Peter B. Adams,Dendrobium,albopurpureum,"",,"",,,
28467,Oncidium koenigeri M. W. Chase &amp; N. H. Williams,Oncidium,koenigeri,"",,"",,,
19559,Bulbophyllum lonchophyllum Schltr.,Bulbophyllum,lonchophyllum,"",,"",,,
40076,Pleurothallis muriculata Luer &amp; Hirtz,Pleurothallis,muriculata,"",,"",,,
19245,Bulbophyllum grandimesense B. Gray &amp; D. L. Jones,Bulbophyllum,grandimesense,"",,"",,,
32367,Epidendrum cyclolobum H&aacute;gsater &amp; E. Santiago,Epidendrum,cyclolobum,"",,"",,,
33165,Epidendrum panchrysum Rchb.f. &amp; Warsz.,Epidendrum,panchrysum,"",,"",,,
31985,Epidendrum angelguachisacae H&aacute;gsater &amp; H. Medina,Epidendrum,angelguachisacae,"",,"",,,
33529,Epidendrum sonia-juaniorum Zambrano &amp; H&aacute;gsater,Epidendrum,sonia-juaniorum,"",,"",,,
32114,Epidendrum brachyanthum H&aacute;gsater &amp; Dodson,Epidendrum,brachyanthum,"",,"",,,
32765,Epidendrum labrychilum H&aacute;gsater,Epidendrum,labrychilum,"",,"",,,
28651,Oncidium x acuminatissimum (Rchb.f.) M. W. Chase &amp; N. H. Williams,Oncidium,x,"",,"",,,
34393,Cattleya viridiflora (Verola &amp; Semir) Van den Berg,Cattleya,viridiflora,"",,"",,,
34360,Cattleya perrinii Lindl.,Cattleya,perrinii,"",,"",,,
19922,Bulbophyllum pauciflorum Ames,Bulbophyllum,pauciflorum,"",,"",,,
18748,Bulbophyllum callipes J. J. Sm.,Bulbophyllum,callipes,"",,"",,,
28496,Oncidium maizifolium Lindl.,Oncidium,maizifolium,"",,"",,,
20482,Bulbophyllum trifolium Ridl.,Bulbophyllum,trifolium,"",,"",,,
25473,Phalaenopsis Blume,Phalaenopsis,"","",,"",,,
25516,Phalaenopsis marriottiana (Rchb.f.) Kocyan &amp; Schuit.,Phalaenopsis,marriottiana,"",,"",,,
19852,Bulbophyllum orectopetalum Garay,Bulbophyllum,orectopetalum,"",,"",,,
17539,Dendrobium inflatum Rolfe,Dendrobium,inflatum,"",,"",,,
14425,Aa hieronymi (Cogn.) Schltr.,Aa,hieronymi,"",,"",,,
556,Cleistesiopsis divaricata (L.) Pansarin & F. Barros,Cleistesiopsis,divaricata L.,,,,,,
14692,Pelexia lindmanii Kraenzl.,Pelexia,lindmanii,"",,"",,,
580,Cleistes mantiqueirae Rchb.f. & Warm.,Cleistes,mantiqueirae Rchb.f.,,,,,,
2331,Habenaria mannii Hook.f.,Habenaria,mannii Hook.f.,,,,,,
583,Cleistes montana Gardner,Cleistes,montana Gardner,,,,,,
595,Cleistes rosea Lindl.,Cleistes,rosea Lindl.,,,,,,
596,Cleistes rosea Lindl. var. augusta (Hoehne) J. A. N. Bat. & Pansarin,Cleistes,rosea Lindl.,,,,,,
597,Cleistes rosea Lindl. var. buenaventurae (Szlach. & Kolan.) J. A. N. Bat. & C. Castro,Cleistes,rosea Lindl.,,,,,,
28497,Oncidium malleiferum (Rchb.f.) M. W. Chase &amp; N. H. Williams,Oncidium,malleiferum,"",,"",,,
32575,Epidendrum glossoclinium H&aacute;gsater &amp; Dodson,Epidendrum,glossoclinium,"",,"",,,
33482,Epidendrum schmidtchenii H&aacute;gsater &amp; E. Santiago,Epidendrum,schmidtchenii,"",,"",,,
17206,Dendrobium crenatilobum (P. O'Byrne &amp; J. J. Verm.) Schuit. &amp; Peter B. Adams,Dendrobium,crenatilobum,"",,"",,,
32356,Epidendrum cuneatoides Dodson ex H&aacute;gsater,Epidendrum,cuneatoides,"",,"",,,
33284,Epidendrum pomacochense H&aacute;gsater,Epidendrum,pomacochense,"",,"",,,
8141,Vanilla capixaba Fraga &amp; D. R. Couto,Vanilla,capixaba,"",,"",,,
32827,Epidendrum linderi H&aacute;gsater &amp; E. Santiago,Epidendrum,linderi,"",,"",,,
20062,Bulbophyllum pulcherissimum H. Jiang,Bulbophyllum,pulcherissimum,"",,"",,,
33732,Epidendrum villahermosaense Sierra-Ariza &amp; H&aacute;gsater,Epidendrum,villahermosaense,"",,"",,,
33170,Epidendrum paniculatum Ruiz &amp; Pav.,Epidendrum,paniculatum,"",,"",,,
18411,Dendrobium villosulum Wall. ex Lindl.,Dendrobium,villosulum,"",,"",,,
32837,Epidendrum lloense (Lindl.) H&aacute;gsater &amp; Dodson,Epidendrum,lloense,"",,"",,,
20595,Bulbophyllum wightii Rchb.f.,Bulbophyllum,wightii,"",,"",,,
19539,Bulbophyllum linearilabium J. J. Sm.,Bulbophyllum,linearilabium,"",,"",,,
30175,Maxillaria rauhii D. E. Benn. &amp; Christenson,Maxillaria,rauhii,"",,"",,,
20619,Bulbophyllum xanthum Ridl.,Bulbophyllum,xanthum,"",,"",,,
17683,Dendrobium lobatum (Blume) Miq.,Dendrobium,lobatum,"",,"",,,
30332,Maxillaria xanthorhoda Schltr.,Maxillaria,xanthorhoda,"",,"",,,
1620,Herminium gongshanense X. H. Jin,Herminium,gongshanense X.,,,,,,
32351,Epidendrum cucullatum Lindl.,Epidendrum,cucullatum,"",,"",,,
32205,Epidendrum carvalhoi Toscano,Epidendrum,carvalhoi,"",,"",,,
32735,Epidendrum jessupiorum H&aacute;gsater &amp; Dodson,Epidendrum,jessupiorum,"",,"",,,
18303,Dendrobium tenuicaule Hook.f.,Dendrobium,tenuicaule,"",,"",,,
19413,Bulbophyllum josephi (Kuntze) Summerh.,Bulbophyllum,josephi,"",,"",,,
32633,Epidendrum herrenhusanum H&aacute;gsater,Epidendrum,herrenhusanum,"",,"",,,
32014,Epidendrum aquaticum Lindl.,Epidendrum,aquaticum,"",,"",,,
40157,Pleurothallis quaternaria Luer,Pleurothallis,quaternaria,"",,"",,,
29843,Maxillaria divitiflora Rchb.f.,Maxillaria,divitiflora,"",,"",,,
17631,Dendrobium lageniforme J. J. Sm.,Dendrobium,lageniforme,"",,"",,,
25391,Vanda lamellata Lindl.,Vanda,lamellata,"",,"",,,
26697,Cymbidium munronianum King &amp; Pantl.,Cymbidium,munronianum,"",,"",,,
30007,Maxillaria machupicchuensis Christenson &amp; N. Salinas,Maxillaria,machupicchuensis,"",,"",,,
28336,Oncidium aristuliferum (Kraenzl.) M. W. Chase &amp; N. H. Williams,Oncidium,aristuliferum,"",,"",,,
39805,Pleurothallis calceolaris Rchb.f.,Pleurothallis,calceolaris,"",,"",,,
18854,Bulbophyllum coccinatum H. Perrier,Bulbophyllum,coccinatum,"",,"",,,
18265,Dendrobium subquadratum J. J. Sm.,Dendrobium,subquadratum,"",,"",,,
30201,Maxillaria sanguinolenta (Lindl.) C. Schweinf.,Maxillaria,sanguinolenta,"",,"",,,
19755,Bulbophyllum nabawanense J. J. Wood &amp; A. Lamb,Bulbophyllum,nabawanense,"",,"",,,
40037,Pleurothallis lynniana (Luer) Pfahl,Pleurothallis,lynniana,"",,"",,,
20264,Bulbophyllum sempiternum Ames,Bulbophyllum,sempiternum,"",,"",,,
33291,Epidendrum porphyrostachyum H&aacute;gsater &amp; E. Santiago,Epidendrum,porphyrostachyum,"",,"",,,
20140,Bulbophyllum rhodosepalum Schltr.,Bulbophyllum,rhodosepalum,"",,"",,,
31976,Epidendrum anchinocturnum H&aacute;gsater,Epidendrum,anchinocturnum,"",,"",,,
34348,Cattleya munchowiana (F. E. L. Miranda) Van den Berg,Cattleya,munchowiana,"",,"",,,
32243,Epidendrum chloidophyllum Rchb.f. ex H&aacute;gsater &amp; Dodson,Epidendrum,chloidophyllum,"",,"",,,
19069,Bulbophyllum elevatopunctatum J. J. Sm.,Bulbophyllum,elevatopunctatum,"",,"",,,
28608,Oncidium subnivalis (Szlach. &amp; Kolan.) J. M. H. Shaw,Oncidium,subnivalis,"",,"",,,
686,Vanilla angustipetala Schltr.,Vanilla,angustipetala Schltr.,,,,,,
711,Vanilla claviculata (Sw.) Sw.,Vanilla,claviculata Sw.,,,,,,
15221,Epipactis purpurata Sm.,Epipactis,purpurata,"",,"",,,
3004,Holothrix exilis Lindl.,Holothrix,exilis Lindl.,,,,,,
19289,Bulbophyllum helenae (Kuntze) J. J. Sm.,Bulbophyllum,helenae,"",,"",,,
17875,Dendrobium omissum Schuit. &amp; Peter B. Adams,Dendrobium,omissum,"",,"",,,
30163,Maxillaria purpureolabia D. E. Benn. &amp; Christenson,Maxillaria,purpureolabia,"",,"",,,
33622,Epidendrum tessmannii Mansf.,Epidendrum,tessmannii,"",,"",,,
40135,Pleurothallis pileata Luer &amp; R. Escobar,Pleurothallis,pileata,"",,"",,,
40294,Pleurothallis villahermosae Sierra-Ariza,Pleurothallis,villahermosae,"",,"",,,
32850,Epidendrum luceroae J. S. Moreno,Epidendrum,luceroae,"",,"",,,
17939,Dendrobium pedilochilum Schltr.,Dendrobium,pedilochilum,"",,"",,,
29965,Maxillaria kautskyi Pabst,Maxillaria,kautskyi,"",,"",,,
20522,Bulbophyllum unciniferum Seidenf.,Bulbophyllum,unciniferum,"",,"",,,
39884,Pleurothallis dejavu Luer &amp; Hirtz,Pleurothallis,dejavu,"",,"",,,
32301,Epidendrum concavitridentes H&aacute;gsater,Epidendrum,concavitridentes,"",,"",,,
25491,Phalaenopsis equestris (Schauer) Rchb.f.,Phalaenopsis,equestris,"",,"",,,
20347,Bulbophyllum stenorhopalon Schltr.,Bulbophyllum,stenorhopalon,"",,"",,,
28602,Oncidium stelligerum Rchb.f.,Oncidium,stelligerum,"",,"",,,
39994,Pleurothallis jaculifera Luer &amp; R. Escobar,Pleurothallis,jaculifera,"",,"",,,
18276,Dendrobium summerhayesianum A. D. Hawkes &amp; A. H. Heller,Dendrobium,summerhayesianum,"",,"",,,
17427,Dendrobium globiflorum Schltr.,Dendrobium,globiflorum,"",,"",,,
32600,Epidendrum guanacastense Ames &amp; C. Schweinf.,Epidendrum,guanacastense,"",,"",,,
19627,Bulbophyllum mamasaense Wibowo,Bulbophyllum,mamasaense,"",,"",,,
19538,Bulbophyllum linearifolium King &amp; Pantl.,Bulbophyllum,linearifolium,"",,"",,,
25429,Vanda x emiliae Motes,Vanda,x,"",,"",,,
20605,Bulbophyllum wuzhishanense X. H. Jin,Bulbophyllum,wuzhishanense,"",,"",,,
28413,Oncidium fuchsii K&ouml;niger,Oncidium,fuchsii,"",,"",,,
39992,Pleurothallis isthmica Luer,Pleurothallis,isthmica,"",,"",,,
19184,Bulbophyllum fukuyamae Tuyama,Bulbophyllum,fukuyamae,"",,"",,,
28458,Oncidium iricolor Rchb.f.,Oncidium,iricolor,"",,"",,,
18882,Bulbophyllum conchidioides Ridl.,Bulbophyllum,conchidioides,"",,"",,,
18319,Dendrobium tiongii Cootes,Dendrobium,tiongii,"",,"",,,
1621,Herminium gracile King & Pantl.,Herminium,gracile King,,,,,,
744,Vanilla inodora Schiede,Vanilla,inodora Schiede,,,,,,
1622,Herminium handelii X. H. Jin,Herminium,handelii X.,,,,,,
773,Vanilla planifolia Andrews,Vanilla,planifolia Andrews,,,,,,
794,Vanilla siamensis Rolfe ex Downie,Vanilla,siamensis Rolfe,,,,,,
28645,Oncidium wallisoides M. W. Chase &amp; N. H. Williams,Oncidium,wallisoides,"",,"",,,
32522,Epidendrum fortunae H&aacute;gsater &amp; Dressler,Epidendrum,fortunae,"",,"",,,
19268,Bulbophyllum habrotinum J. J. Verm. &amp; A. Lamb,Bulbophyllum,habrotinum,"",,"",,,
32657,Epidendrum huamboense H&aacute;gsater,Epidendrum,huamboense,"",,"",,,
25323,Aerides sukauensis Shim,Aerides,sukauensis,"",,"",,,
33211,Epidendrum peperomioides Schltr.,Epidendrum,peperomioides,"",,"",,,
30284,Maxillaria truncatilabia Schltr.,Maxillaria,truncatilabia,"",,"",,,
17399,Dendrobium fulgescens J. J. Sm.,Dendrobium,fulgescens,"",,"",,,
19168,Bulbophyllum foraminiferum J. J. Verm.,Bulbophyllum,foraminiferum,"",,"",,,
20258,Bulbophyllum seidenfadenii A. D. Kerr,Bulbophyllum,seidenfadenii,"",,"",,,
17287,Dendrobium diceras Schltr.,Dendrobium,diceras,"",,"",,,
32996,Epidendrum montiargentatum H&aacute;gsater,Epidendrum,montiargentatum,"",,"",,,
18209,Dendrobium somae Hayata,Dendrobium,somae,"",,"",,,
28618,Oncidium tetrotis Rchb. f,Oncidium,tetrotis,"",,"",,,
17515,Dendrobium hymenanthum Rchb.f.,Dendrobium,hymenanthum,"",,"",,,
17790,Dendrobium morio P. O'Byrne,Dendrobium,morio,"",,"",,,
26696,Cymbidium motuoense W. Q. Hu,Cymbidium,motuoense,"",,"",,,
26698,Cymbidium nanulum Y. S. Wu &amp; S. C. Chen,Cymbidium,nanulum,"",,"",,,
16930,Dendrobium aliciae Ames &amp; Quisumb.,Dendrobium,aliciae,"",,"",,,
34286,Cattleya crispa Lindl.,Cattleya,crispa,"",,"",,,
34361,Cattleya pfisteri (Pabst &amp; Senghas) Van den Berg,Cattleya,pfisteri,"",,"",,,
25342,Vanda alpina (Lindl.) Lindl.,Vanda,alpina,"",,"",,,
18003,Dendrobium praecinctum Rchb.f.,Dendrobium,praecinctum,"",,"",,,
16987,Dendrobium asphale Rchb.f.,Dendrobium,asphale,"",,"",,,
17864,Dendrobium ochreatum Lindl.,Dendrobium,ochreatum,"",,"",,,
28383,Oncidium croatii (Szlach. &amp; Kolan.) J. M. H. Shaw,Oncidium,croatii,"",,"",,,
18078,Dendrobium reginanivis P. O'Byrne &amp; J. J. Verm.,Dendrobium,reginanivis,"",,"",,,
19479,Bulbophyllum lasiopetalum Kraenzl.,Bulbophyllum,lasiopetalum,"",,"",,,
28691,Oncidium zimmermannianum (K&ouml;niger) J. M. H. Shaw,Oncidium,zimmermannianum,"",,"",,,
26686,Cymbidium kanran Makino,Cymbidium,kanran,"",,"",,,
17955,Dendrobium petrophilum (Kraenzl.) Garay ex N. Hall&eacute;,Dendrobium,petrophilum,"",,"",,,
17973,Dendrobium platyclinoides J. J. Sm.,Dendrobium,platyclinoides,"",,"",,,
28471,Oncidium lehmannii (Rchb.f.) M. W. Chase &amp; N. H. Williams,Oncidium,lehmannii,"",,"",,,
28446,Oncidium hintonii L. O. Williams,Oncidium,hintonii,"",,"",,,
16899,Dendrobium acanthophippiiflorum J. J. Sm.,Dendrobium,acanthophippiiflorum,"",,"",,,
28445,Oncidium hieroglyphicum Rchb.f. &amp; Warsz.,Oncidium,hieroglyphicum,"",,"",,,
34452,Cattleya x labendziana L. C. Menezes &amp; Braem,Cattleya,x,"",,"",,,
17868,Dendrobium odontochilum Rchb.f.,Dendrobium,odontochilum,"",,"",,,
17611,Dendrobium kontumense Gagnep.,Dendrobium,kontumense,"",,"",,,
17321,Dendrobium ellipsophyllum Tang &amp; F. T. Wang,Dendrobium,ellipsophyllum,"",,"",,,
26663,Cymbidium dayanum Rchb.f.,Cymbidium,dayanum,"",,"",,,
17487,Dendrobium heterobulbum Schltr.,Dendrobium,heterobulbum,"",,"",,,
34492,Cattleya x venosa Rolfe,Cattleya,x,"",,"",,,
28519,Oncidium neovierlingii J. M. H. Shaw,Oncidium,neovierlingii,"",,"",,,
699,Vanilla borneensis Rolfe,Vanilla,borneensis Rolfe,,,,,,
17298,Dendrobium disoides Schltr.,Dendrobium,disoides,"",,"",,,
750,Vanilla kinabaluensis Carr,Vanilla,kinabaluensis Carr,,,,,,
18334,Dendrobium trankimianum T. Yukawa,Dendrobium,trankimianum,"",,"",,,
18457,Dendrobium x tungchii N. H. Tuan,Dendrobium,x,"",,"",,,
26741,Cymbidium x malipoense L. J. Chen,Cymbidium,x,"",,"",,,
34488,Cattleya x sororia Rchb.f.,Cattleya,x,"",,"",,,
17545,Dendrobium integrilabium J. J. Sm.,Dendrobium,integrilabium,"",,"",,,
17490,Dendrobium heteroideum Blume,Dendrobium,heteroideum,"",,"",,,
18243,Dendrobium stratiotes Rchb.f.,Dendrobium,stratiotes,"",,"",,,
17233,Dendrobium curvum Ridl.,Dendrobium,curvum,"",,"",,,
3495,Ophrys scolopax Cav.,Ophrys,scolopax Cav.,,,,,,
17111,Dendrobium carnicarinum Kores,Dendrobium,carnicarinum,"",,"",,,
34485,Cattleya x schunkiana Campacci,Cattleya,x,"",,"",,,
28400,Oncidium durangense H&aacute;gsater,Oncidium,durangense,"",,"",,,
18374,Dendrobium unicarinatum Kores,Dendrobium,unicarinatum,"",,"",,,
17775,Dendrobium modestum Rchb.f.,Dendrobium,modestum,"",,"",,,
17245,Dendrobium cymbiforme Rolfe,Dendrobium,cymbiforme,"",,"",,,
28688,Oncidium x wilckeanum (Rchb.f.) M. W. Chase &amp; N. H. Williams,Oncidium,x,"",,"",,,
17020,Dendrobium basifixum de Vogel,Dendrobium,basifixum,"",,"",,,
18101,Dendrobium rindjaniense J. J. Sm.,Dendrobium,rindjaniense,"",,"",,,
32407,Epidendrum dialyrhombicum H&aacute;gsater &amp; Dodson,Epidendrum,dialyrhombicum,"",,"",,,
19349,Bulbophyllum imbricans J. J. Sm.,Bulbophyllum,imbricans,"",,"",,,
33509,Epidendrum sigsigense H&aacute;gsater &amp; Dodson,Epidendrum,sigsigense,"",,"",,,
20016,Bulbophyllum polycyclum J. J. Verm.,Bulbophyllum,polycyclum,"",,"",,,
28319,Oncidium alberti (P. Ortiz) M. W. Chase &amp; N. H. Williams,Oncidium,alberti,"",,"",,,
20242,Bulbophyllum schizopetalum L. O. Williams,Bulbophyllum,schizopetalum,"",,"",,,
17714,Dendrobium macranthum A. Rich.,Dendrobium,macranthum,"",,"",,,
34289,Cattleya dacruzii (Rosim &amp; Campacci) Van den Berg,Cattleya,dacruzii,"",,"",,,
32708,Epidendrum intermixtum Ames &amp; C. Schweinf.,Epidendrum,intermixtum,"",,"",,,
18935,Bulbophyllum cumingii (Lindl.) Rchb.f.,Bulbophyllum,cumingii,"",,"",,,
17281,Dendrobium derryi Ridl.,Dendrobium,derryi,"",,"",,,
16901,Dendrobium aciculare Lindl.,Dendrobium,aciculare,"",,"",,,
28402,Oncidium eliae (Rolfe) M. W. Chase &amp; N. H. Williams,Oncidium,eliae,"",,"",,,
34475,Cattleya x patrocinii St.-L&eacute;g.,Cattleya,x,"",,"",,,
18081,Dendrobium remotisepalum J. J. Sm.,Dendrobium,remotisepalum,"",,"",,,
18272,Dendrobium subuliferum J. J. Sm.,Dendrobium,subuliferum,"",,"",,,
707,Vanilla ceronii Dodson ex Szlach. & Kolan.,Vanilla,ceronii Dodson,,,,,,
18263,Dendrobium subpandifolium J. J. Sm.,Dendrobium,subpandifolium,"",,"",,,
17801,Dendrobium multistriatum J. J. Sm.,Dendrobium,multistriatum,"",,"",,,
17917,Dendrobium paragnomus Ormerod,Dendrobium,paragnomus,"",,"",,,
25355,Vanda christensoniana (Haager) L. M. Gardiner,Vanda,christensoniana,"",,"",,,
17738,Dendrobium margaretiae T. M. Reeve,Dendrobium,margaretiae,"",,"",,,
18215,Dendrobium spathipetalum J. J. Sm.,Dendrobium,spathipetalum,"",,"",,,
18274,Dendrobium sulcatum Lindl.,Dendrobium,sulcatum,"",,"",,,
17185,Dendrobium convexipes J. J. Sm.,Dendrobium,convexipes,"",,"",,,
15222,Epipactis royleana Lindl.,Epipactis,royleana,"",,"",,,
1693,Benthamia melanopoda Schltr.,Benthamia,melanopoda Schltr.,,,,,,
17466,Dendrobium hamiferum P. J. Cribb,Dendrobium,hamiferum,"",,"",,,
17237,Dendrobium cyanopterum Kraenzl.,Dendrobium,cyanopterum,"",,"",,,
28429,Oncidium guatemalenoides M. W. Chase &amp; N. H. Williams,Oncidium,guatemalenoides,"",,"",,,
34302,Cattleya gloedeniana (Hoehne) Van den Berg,Cattleya,gloedeniana,"",,"",,,
17329,Dendrobium equitans Kraenzl.,Dendrobium,equitans,"",,"",,,
17384,Dendrobium flexile Ridl.,Dendrobium,flexile,"",,"",,,
782,Vanilla ramosa Rolfe,Vanilla,ramosa Rolfe,,,,,,
28672,Oncidium x limbatum (Rchb.f.) M. W. Chase &amp; N. H. Williams,Oncidium,x,"",,"",,,
34266,Cattleya alvaroana (F. E. L. Miranda) Van den Berg,Cattleya,alvaroana,"",,"",,,
18381,Dendrobium utile J. J. Sm.,Dendrobium,utile,"",,"",,,
25356,Vanda coelestis (Rchb.f.) Motes,Vanda,coelestis,"",,"",,,
25406,Vanda nana L. M. Gardiner,Vanda,nana,"",,"",,,
28529,Oncidium odoratum (Lindl.) Beer,Oncidium,odoratum,"",,"",,,
25361,Vanda cristata Wall. ex Lindl.,Vanda,cristata,"",,"",,,
34395,Cattleya wallisii (Linden) Rollisson,Cattleya,wallisii,"",,"",,,
34487,Cattleya x sgarbii (Ruschi) Van den Berg,Cattleya,x,"",,"",,,
17459,Dendrobium habbemense P. Royen,Dendrobium,habbemense,"",,"",,,
28479,Oncidium liebmannii Rchb.f. ex Kraenzl.,Oncidium,liebmannii,"",,"",,,
18427,Dendrobium wardianum R. Warner,Dendrobium,wardianum,"",,"",,,
28543,Oncidium papilioides M. W. Chase &amp; N. H. Williams,Oncidium,papilioides,"",,"",,,
28320,Oncidium albicans K&ouml;niger,Oncidium,albicans,"",,"",,,
17692,Dendrobium lomatochilum Seidenf.,Dendrobium,lomatochilum,"",,"",,,
8190,Vanilla methonica Rchb.f. &amp; Warsz.,Vanilla,methonica,"",,"",,,
25562,Phalaenopsis zhejiangensis (Z. H. Tsi) Schuit.,Phalaenopsis,zhejiangensis,"",,"",,,
34261,Cattleya acuensis (Fowlie) Van den Berg,Cattleya,acuensis,"",,"",,,
17860,Dendrobium obtusum Schltr.,Dendrobium,obtusum,"",,"",,,
34328,Cattleya lobata Lindl.,Cattleya,lobata,"",,"",,,
17976,Dendrobium platyphyllum Schltr.,Dendrobium,platyphyllum,"",,"",,,
17535,Dendrobium incurvociliatum J. J. Sm.,Dendrobium,incurvociliatum,"",,"",,,
28482,Oncidium lindleyoides M. W. Chase &amp; N. H. Williams,Oncidium,lindleyoides,"",,"",,,
28590,Oncidium saxicola Schltr.,Oncidium,saxicola,"",,"",,,
28633,Oncidium unguiculatum Lindl.,Oncidium,unguiculatum,"",,"",,,
17733,Dendrobium mamasaense P. O'Byrne &amp; J. J. Verm.,Dendrobium,mamasaense,"",,"",,,
18175,Dendrobium serratilabium L. O. Williams,Dendrobium,serratilabium,"",,"",,,
28627,Oncidium trimorion (K&ouml;niger) M. W. Chase &amp; N. H. Williams,Oncidium,trimorion,"",,"",,,
17985,Dendrobium podochiloides Schltr.,Dendrobium,podochiloides,"",,"",,,
28357,Oncidium bryolophotum Rchb.f.,Oncidium,bryolophotum,"",,"",,,
34299,Cattleya fournieri (Cogn.) Van den Berg,Cattleya,fournieri,"",,"",,,
28525,Oncidium oblongatum Lindl.,Oncidium,oblongatum,"",,"",,,
28372,Oncidium citrinum Lindl.,Oncidium,citrinum,"",,"",,,
28343,Oncidium auroincarum (Dalstr&ouml;m &amp; Ru&iacute;z P&eacute;rez) J. M. H. Shaw,Oncidium,auroincarum,"",,"",,,
17686,Dendrobium loddigesii Rolfe,Dendrobium,loddigesii,"",,"",,,
1694,Benthamia misera (Ridl.) Schltr.,Benthamia,misera Ridl.,,,,,,
18200,Dendrobium sinuosum Ames,Dendrobium,sinuosum,"",,"",,,
17727,Dendrobium maidenianum Schltr.,Dendrobium,maidenianum,"",,"",,,
7860,Myrosmodes Rchb.f.,Myrosmodes,Rchb.f.,,,,,,
842,Selenipedium vanillocarpum Barb. Rodr.,Selenipedium,vanillocarpum Barb.,,,,,,
18246,Dendrobium strepsiceros J. J. Sm.,Dendrobium,strepsiceros,"",,"",,,
32023,Epidendrum ariasii H&aacute;gsater &amp; Dodson,Epidendrum,ariasii,"",,"",,,
32463,Epidendrum envigadoense H&aacute;gsater,Epidendrum,envigadoense,"",,"",,,
843,Cypripedium L.,Cypripedium,L.,,,,,,
844,Cypripedium acaule Aiton,Cypripedium,acaule Aiton,,,,,,
846,Cypripedium bardolphianum W. W. Sm. & Farrer,Cypripedium,bardolphianum W.,,,,,,
848,Cypripedium calcicola Schltr.,Cypripedium,calcicola Schltr.,,,,,,
15677,Triphora foldatsii Carnevali,Triphora,foldatsii,"",,"",,,
850,Cypripedium candidum Muhl. ex Willd.,Cypripedium,candidum Muhl.,,,,,,
851,Cypripedium conzattianum R. González & Lizb. Hern.,Cypripedium,conzattianum R.,,,,,,
881,Cypripedium parviflorum Salisb.,Cypripedium,parviflorum Salisb.,,,,,,
25659,Acampe joiceyana (J. J. Sm.) Seidenf.,Acampe,joiceyana,"",,"",,,
6639,Achlydosa glandulosa (Schltr.) M. A. Clem. & D. L. Jones,Achlydosa,glandulosa Schltr.,,,,,,
35355,Acianthera tokachii (Luer) Luer,Acianthera,tokachii,"",,"",,,
35362,Acianthera variegata (Barb. Rodr.) Campacci,Acianthera,variegata,"",,"",,,
31168,Acineta alticola C. Schweinf.,Acineta,alticola,"",,"",,,
24573,Aerangis monantha Schltr.,Aerangis,monantha,"",,"",,,
24577,Aerangis pallidiflora H. Perrier,Aerangis,pallidiflora,"",,"",,,
24582,Aerangis seegeri Senghas,Aerangis,seegeri,"",,"",,,
24385,Aeranthes africana J. Stewart,Aeranthes,africana,"",,"",,,
24388,Aeranthes angustidens H. Perrier,Aeranthes,angustidens,"",,"",,,
24389,Aeranthes antennophora H. Perrier,Aeranthes,antennophora,"",,"",,,
24399,Aeranthes ecalcarata H. Perrier,Aeranthes,ecalcarata,"",,"",,,
24403,Aeranthes leandriana Bosser,Aeranthes,leandriana,"",,"",,,
24404,Aeranthes moratii Bosser,Aeranthes,moratii,"",,"",,,
24405,Aeranthes multinodis Bosser,Aeranthes,multinodis,"",,"",,,
24410,Aeranthes parkesii G. Will.,Aeranthes,parkesii,"",,"",,,
24411,Aeranthes parvula Schltr.,Aeranthes,parvula,"",,"",,,
24412,Aeranthes peyrotii Bosser,Aeranthes,peyrotii,"",,"",,,
24413,Aeranthes polyanthemus Ridl.,Aeranthes,polyanthemus,"",,"",,,
24420,Aeranthes setipes Schltr.,Aeranthes,setipes,"",,"",,,
24425,Aeranthes tropophila Bosser,Aeranthes,tropophila,"",,"",,,
31007,Aganisia pulchella Lindl.,Aganisia,pulchella,"",,"",,,
31437,Agrostophyllum cyathiforme J. J. Sm.,Agrostophyllum,cyathiforme,"",,"",,,
31473,Agrostophyllum laterale J. J. Sm.,Agrostophyllum,laterale,"",,"",,,
7857,Altensteinia longispicata C. Schweinf.,Altensteinia,longispicata C.,,,,,,
35611,Anathallis funerea (Barb. Rodr.) Luer,Anathallis,funerea,"",,"",,,
35624,Anathallis humilis (C. Schweinf.) Luer,Anathallis,humilis,"",,"",,,
35630,Anathallis kleinii (Pabst) Luer,Anathallis,kleinii,"",,"",,,
35653,Anathallis nanifolia (Foldats) Luer,Anathallis,nanifolia,"",,"",,,
24736,Ancistrorhynchus laxiflorus Mansf.,Ancistrorhynchus,laxiflorus,"",,"",,,
24740,Ancistrorhynchus parviflorus Summerh.,Ancistrorhynchus,parviflorus,"",,"",,,
24743,Ancistrorhynchus refractus (Kraenzl.) Summerh.,Ancistrorhynchus,refractus,"",,"",,,
24747,Ancistrorhynchus tenuicaulis Summerh.,Ancistrorhynchus,tenuicaulis,"",,"",,,
24891,Angraecopsis cryptantha P. J. Cribb,Angraecopsis,cryptantha,"",,"",,,
24904,Angraecopsis parva (P. J. Cribb) P. J. Cribb,Angraecopsis,parva,"",,"",,,
24907,Angraecopsis tenerrima Kraenzl.,Angraecopsis,tenerrima,"",,"",,,
24909,Angraecopsis tridens (Lindl.) Schltr.,Angraecopsis,tridens,"",,"",,,
24061,Angraecum alleizettei Schltr.,Angraecum,alleizettei,"",,"",,,
24070,Angraecum ankeranense H. Perrier,Angraecum,ankeranense,"",,"",,,
24071,Angraecum aporoides Summerh.,Angraecum,aporoides,"",,"",,,
24074,Angraecum arachnites Schltr.,Angraecum,arachnites,"",,"",,,
24080,Angraecum bancoense Burg,Angraecum,bancoense,"",,"",,,
24083,Angraecum bicallosum H. Perrier,Angraecum,bicallosum,"",,"",,,
24059,Angraecum Bory,Angraecum,"","",,"",,,
24097,Angraecum chermezonii H. Perrier,Angraecum,chermezonii,"",,"",,,
24101,Angraecum clavigerum Ridl.,Angraecum,clavigerum,"",,"",,,
24108,Angraecum cornucopiae H. Perrier,Angraecum,cornucopiae,"",,"",,,
24112,Angraecum coutrixii Bosser,Angraecum,coutrixii,"",,"",,,
24122,Angraecum danguyanum H. Perrier,Angraecum,danguyanum,"",,"",,,
24128,Angraecum dendrobiopsis Schltr.,Angraecum,dendrobiopsis,"",,"",,,
24130,Angraecum distichum Lindl.,Angraecum,distichum,"",,"",,,
24133,Angraecum doratophyllum Summerh.,Angraecum,doratophyllum,"",,"",,,
24140,Angraecum eichlerianum Kraenzl.,Angraecum,eichlerianum,"",,"",,,
24144,Angraecum equitans Schltr.,Angraecum,equitans,"",,"",,,
24154,Angraecum gabonense Summerh.,Angraecum,gabonense,"",,"",,,
24161,Angraecum humbertii H. Perrier,Angraecum,humbertii,"",,"",,,
24164,Angraecum huntleyoides Schltr.,Angraecum,huntleyoides,"",,"",,,
24178,Angraecum letouzeyi Bosser,Angraecum,letouzeyi,"",,"",,,
24188,Angraecum mahavavense H. Perrier,Angraecum,mahavavense,"",,"",,,
24191,Angraecum melanostictum Schltr.,Angraecum,melanostictum,"",,"",,,
24197,Angraecum moratii Bosser,Angraecum,moratii,"",,"",,,
24201,Angraecum musculiferum H. Perrier,Angraecum,musculiferum,"",,"",,,
24203,Angraecum obesum H. Perrier,Angraecum,obesum,"",,"",,,
24211,Angraecum panicifolium H. Perrier,Angraecum,panicifolium,"",,"",,,
24216,Angraecum penzigianum Schltr.,Angraecum,penzigianum,"",,"",,,
24218,Angraecum perhumile H. Perrier,Angraecum,perhumile,"",,"",,,
24221,Angraecum peyrotii Bosser,Angraecum,peyrotii,"",,"",,,
24223,Angraecum pinifolium Bosser,Angraecum,pinifolium,"",,"",,,
24225,Angraecum podochiloides Schltr.,Angraecum,podochiloides,"",,"",,,
24228,Angraecum potamophilum Schltr.,Angraecum,potamophilum,"",,"",,,
24230,Angraecum protensum Schltr.,Angraecum,protensum,"",,"",,,
24231,Angraecum pseudodidieri H. Perrier,Angraecum,pseudodidieri,"",,"",,,
24232,Angraecum pseudofilicornu H. Perrier,Angraecum,pseudofilicornu,"",,"",,,
24235,Angraecum pungens Schltr.,Angraecum,pungens,"",,"",,,
24237,Angraecum pyriforme Summerh.,Angraecum,pyriforme,"",,"",,,
24243,Angraecum rigidifolium H. Perrier,Angraecum,rigidifolium,"",,"",,,
24246,Angraecum rubellum Bosser,Angraecum,rubellum,"",,"",,,
24251,Angraecum sambiranoense Schltr.,Angraecum,sambiranoense,"",,"",,,
24257,Angraecum serpens (H. Perrier) Bosser,Angraecum,serpens,"",,"",,,
7926,Angraecum sesquipedale,Angraecum,sesquipedale,Thouars,,Christmas Star Orchid,,,
24264,Angraecum sterrophyllum Schltr.,Angraecum,sterrophyllum,"",,"",,,
24268,Angraecum subulatum Lindl.,Angraecum,subulatum,"",,"",,,
24271,Angraecum tenellum (Ridl.) Schltr.,Angraecum,tenellum,"",,"",,,
24276,Angraecum teretifolium Ridl.,Angraecum,teretifolium,"",,"",,,
24277,Angraecum triangulifolium Senghas,Angraecum,triangulifolium,"",,"",,,
24285,Angraecum viguieri Schltr.,Angraecum,viguieri,"",,"",,,
7465,Anoectochilus Blume,Anoectochilus,Blume,,,,,,
7487,Anoectochilus koshunensis Hayata,Anoectochilus,koshunensis Hayata,,,,,,
7502,Anoectochilus sandvicensis Lindl.,Anoectochilus,sandvicensis Lindl.,,,,,,
26827,Ansellia africana Lindl.,Ansellia,africana,"",,"",,,
26826,Ansellia Lindl.,Ansellia,"","",,"",,,
31624,Aplectrum hyemale (Muhl. ex Willd.) Torr.,Aplectrum,hyemale,"",,Putty Root,,,
22027,Appendicula calcarata Ridl.,Appendicula,calcarata,"",,"",,,
22055,Appendicula fasciculata J. J. Sm.,Appendicula,fasciculata,"",,"",,,
22102,Appendicula negrosiana (Ames) Ames,Appendicula,negrosiana,"",,"",,,
22120,Appendicula polyantha Ames,Appendicula,polyantha,"",,"",,,
22144,Appendicula tenuispica (Schltr.) Schltr.,Appendicula,tenuispica,"",,"",,,
16016,Arethusa bulbosa L.,Arethusa,bulbosa,"",,Wild pink,,,
16015,Arethusa L.,Arethusa,"","",,"",,,
16019,Arundina Blume,Arundina,"","",,"",,,
29039,Aspasia variegata Lindl.,Aspasia,variegata,"",,"",,,
34965,Barbosella geminata Luer,Barbosella,geminata,"",,"",,,
34968,Barbosella orbicularis Luer,Barbosella,orbicularis,"",,"",,,
30985,Batemannia colleyi Lindl.,Batemannia,colleyi,"",,Goat's head orchid (Trinidad &amp; Tobago),,,
24651,Beclardia grandiflora Bosser,Beclardia,grandiflora,"",,"",,,
15016,Beloglottis Schltr.,Beloglottis,"","",,"",,,
1677,Benthamia dauphinensis (Rolfe) Schltr.,Benthamia,dauphinensis Rolfe,,,,,,
1678,Benthamia elata Schltr.,Benthamia,elata Schltr.,,,,,,
1682,Benthamia glaberrima (Ridl.) H. Perrier,Benthamia,glaberrima Ridl.,,,,,,
1687,Benthamia humbertii H. Perrier,Benthamia,humbertii H.,,,,,,
1695,Benthamia monophylla Schltr.,Benthamia,monophylla Schltr.,,,,,,
1700,Benthamia perularioides Schltr.,Benthamia,perularioides Schltr.,,,,,,
1701,Benthamia praecox Schltr.,Benthamia,praecox Schltr.,,,,,,
1702,Benthamia procera Schltr.,Benthamia,procera Schltr.,,,,,,
1703,Benthamia rostrata Schltr.,Benthamia,rostrata Schltr.,,,,,,
30529,Bifrenaria longicornis Lindl.,Bifrenaria,longicornis,"",,"",,,
30546,Bifrenaria venezuelana C. Schweinf.,Bifrenaria,venezuelana,"",,"",,,
6304,Bipinnula polysyka Kraenzl.,Bipinnula,polysyka Kraenzl.,,,,,,
31715,Bletia ensifolia L. O. Williams,Bletia,ensifolia,"",,"",,,
31738,Bletia purpurea (Lam.) A. DC.,Bletia,purpurea,"",,Orquidea de San Miguel (Cuba),,,
2730,Bonatea Willd.,Bonatea,Willd.,,,,,,
34623,Brachionidium brevicaudatum Rolfe,Brachionidium,brevicaudatum,"",,"",,,
34627,Brachionidium ciliolatum Garay,Brachionidium,ciliolatum,"",,"",,,
34638,Brachionidium dressleri Luer,Brachionidium,dressleri,"",,"",,,
34617,Brachionidium Lindl.,Brachionidium,"","",,"",,,
34665,Brachionidium meridense Garay,Brachionidium,meridense,"",,"",,,
34671,Brachionidium parvifolium (Lindl.) Lindl.,Brachionidium,parvifolium,"",,"",,,
34675,Brachionidium phalangiferum Garay,Brachionidium,phalangiferum,"",,"",,,
34679,Brachionidium pteroglossum Luer,Brachionidium,pteroglossum,"",,"",,,
34689,Brachionidium sherringii Rolfe,Brachionidium,sherringii,"",,"",,,
34695,Brachionidium tuberculatum Lindl.,Brachionidium,tuberculatum,"",,"",,,
3082,Brachycorythis wightii Summerh.,Brachycorythis,wightii Summerh.,,,,,,
31032,Braemia vittata (Lindl.) Jenny,Braemia,vittata,"",,"",,,
34587,Brassavola cucullata (L.) R. Br.,Brassavola,cucullata,"",,"",,,
34588,Brassavola fasciculata Pabst,Brassavola,fasciculata,"",,"",,,
34591,Brassavola martiana Lindl.,Brassavola,martiana,"",,"",,,
7931,Brassavola nodosa,Brassavola,nodosa,(L.) Lindl.,,Lady of the Night Orchid,,,
34592,Brassavola nodosa (L.) Lindl.,Brassavola,nodosa,"",,"",,,
34579,Brassavola R. Br.,Brassavola,"","",,"",,,
29044,Brassia angustilabia Schltr.,Brassia,angustilabia,"",,"",,,
29045,Brassia arachnoidea Barb. Rodr.,Brassia,arachnoidea,"",,"",,,
29050,Brassia bidens Lindl.,Brassia,bidens,"",,"",,,
29055,Brassia caudata (L.) Lindl.,Brassia,caudata,"",,Girafa (Cuba),,,
29057,Brassia chloroleuca Barb. Rodr.,Brassia,chloroleuca,"",,"",,,
29078,Brassia huebneri Schltr.,Brassia,huebneri,"",,"",,,
29079,Brassia iguapoana Schltr.,Brassia,iguapoana,"",,"",,,
29084,Brassia lanceana Lindl.,Brassia,lanceana,"",,"",,,
29040,Brassia R. Br.,Brassia,"","",,"",,,
29105,Brassia verrucosa Bateman ex Lindl.,Brassia,verrucosa,"",,"",,,
29106,Brassia villosa Lindl.,Brassia,villosa,"",,"",,,
23799,Bromheadia finlaysoniana (Lindl.) Miq.,Bromheadia,finlaysoniana,"",,"",,,
18497,Bulbophyllum adangense Seidenf.,Bulbophyllum,adangense,"",,"",,,
18507,Bulbophyllum affine Lindl.,Bulbophyllum,affine,"",,"",,,
18537,Bulbophyllum amblyacron Schltr.,Bulbophyllum,amblyacron,"",,"",,,
18540,Bulbophyllum amoenum Bosser,Bulbophyllum,amoenum,"",,"",,,
18547,Bulbophyllum analamazoatrae Schltr.,Bulbophyllum,analamazoatrae,"",,"",,,
18559,Bulbophyllum anjozorobeense Bosser,Bulbophyllum,anjozorobeense,"",,"",,,
18576,Bulbophyllum aphanopetalum Schltr.,Bulbophyllum,aphanopetalum,"",,"",,,
18610,Bulbophyllum aspersum J. J. Sm.,Bulbophyllum,aspersum,"",,"",,,
18617,Bulbophyllum atrosanguineum Aver.,Bulbophyllum,atrosanguineum,"",,"",,,
15678,Triphora galeanoi Szlach.,Triphora,galeanoi,"",,"",,,
18628,Bulbophyllum auriflorum H. Perrier,Bulbophyllum,auriflorum,"",,"",,,
18635,Bulbophyllum bacilliferum J. J. Sm.,Bulbophyllum,bacilliferum,"",,"",,,
18639,Bulbophyllum baladeanum J. J. Sm.,Bulbophyllum,baladeanum,"",,"",,,
18652,Bulbophyllum baronii Ridl.,Bulbophyllum,baronii,"",,"",,,
18661,Bulbophyllum betchei F. Muell.,Bulbophyllum,betchei,"",,"",,,
18691,Bulbophyllum boiteaui H. Perrier,Bulbophyllum,boiteaui,"",,"",,,
18738,Bulbophyllum burttii Summerh.,Bulbophyllum,burttii,"",,"",,,
18749,Bulbophyllum callosum Bosser,Bulbophyllum,callosum,"",,"",,,
18756,Bulbophyllum calyptropus Schltr.,Bulbophyllum,calyptropus,"",,"",,,
18789,Bulbophyllum caudatum Lindl.,Bulbophyllum,caudatum,"",,"",,,
18802,Bulbophyllum ceriodorum Boiteau,Bulbophyllum,ceriodorum,"",,"",,,
18811,Bulbophyllum cheiropetalum Ridl.,Bulbophyllum,cheiropetalum,"",,"",,,
18816,Bulbophyllum chloranthum Schltr.,Bulbophyllum,chloranthum,"",,"",,,
18830,Bulbophyllum ciliatilabrum H. Perrier,Bulbophyllum,ciliatilabrum,"",,"",,,
18868,Bulbophyllum comatum Lindl.,Bulbophyllum,comatum,"",,"",,,
18878,Bulbophyllum comptonii Rendle,Bulbophyllum,comptonii,"",,"",,,
18945,Bulbophyllum cyanotriche J. J. Verm.,Bulbophyllum,cyanotriche,"",,"",,,
18952,Bulbophyllum cylindraceum Lindl.,Bulbophyllum,cylindraceum,"",,"",,,
18953,Bulbophyllum cylindrobulbum Schltr.,Bulbophyllum,cylindrobulbum,"",,"",,,
18968,Bulbophyllum debile Bosser,Bulbophyllum,debile,"",,"",,,
18973,Bulbophyllum decatriche J. J. Verm.,Bulbophyllum,decatriche,"",,"",,,
18982,Bulbophyllum delitescens Hance,Bulbophyllum,delitescens,"",,"",,,
19006,Bulbophyllum dichotomum J. J. Sm.,Bulbophyllum,dichotomum,"",,"",,,
19019,Bulbophyllum discilabium H. Perrier,Bulbophyllum,discilabium,"",,"",,,
19080,Bulbophyllum encephalodes Summerh.,Bulbophyllum,encephalodes,"",,"",,,
19095,Bulbophyllum erythroglossum Bosser,Bulbophyllum,erythroglossum,"",,"",,,
19106,Bulbophyllum exaltatum Lindl.,Bulbophyllum,exaltatum,"",,"",,,
19119,Bulbophyllum falcifolium Schltr.,Bulbophyllum,falcifolium,"",,"",,,
19179,Bulbophyllum fritillariiflorum J. J. Sm.,Bulbophyllum,fritillariiflorum,"",,"",,,
19210,Bulbophyllum gilgianum Kraenzl.,Bulbophyllum,gilgianum,"",,"",,,
19248,Bulbophyllum gravidum Lindl.,Bulbophyllum,gravidum,"",,"",,,
19276,Bulbophyllum hamelinii W. Watson,Bulbophyllum,hamelinii,"",,"",,,
19279,Bulbophyllum haniffii Carr,Bulbophyllum,haniffii,"",,"",,,
19301,Bulbophyllum hexarhopalon Schltr.,Bulbophyllum,hexarhopalon,"",,"",,,
19309,Bulbophyllum hirsutiusculum H. Perrier,Bulbophyllum,hirsutiusculum,"",,"",,,
19320,Bulbophyllum horizontale Bosser,Bulbophyllum,horizontale,"",,"",,,
19390,Bulbophyllum ischnopus Schltr.,Bulbophyllum,ischnopus,"",,"",,,
19417,Bulbophyllum kainochiloides H. Perrier,Bulbophyllum,kainochiloides,"",,"",,,
19431,Bulbophyllum kenae J. J. Verm.,Bulbophyllum,kenae,"",,"",,,
19439,Bulbophyllum khasyanum Griff.,Bulbophyllum,khasyanum,"",,"",,,
19445,Bulbophyllum kivuense J. J. Verm.,Bulbophyllum,kivuense,"",,"",,,
19459,Bulbophyllum lagaroglossum J. J. Verm.,Bulbophyllum,lagaroglossum,"",,"",,,
19462,Bulbophyllum lakatoense Bosser,Bulbophyllum,lakatoense,"",,"",,,
19481,Bulbophyllum latipes J. J. Sm.,Bulbophyllum,latipes,"",,"",,,
19485,Bulbophyllum laxum Schltr.,Bulbophyllum,laxum,"",,"",,,
19500,Bulbophyllum leopardinum (Wall.) Lindl. ex Wall.,Bulbophyllum,leopardinum,"",,"",,,
19502,Bulbophyllum lepanthiflorum Schltr.,Bulbophyllum,lepanthiflorum,"",,"",,,
19511,Bulbophyllum leptoleucum Schltr.,Bulbophyllum,leptoleucum,"",,"",,,
19512,Bulbophyllum leptophyllum W. Kittr.,Bulbophyllum,leptophyllum,"",,"",,,
19520,Bulbophyllum leucothyrsus Schltr.,Bulbophyllum,leucothyrsus,"",,"",,,
19553,Bulbophyllum lizae J. J. Verm.,Bulbophyllum,lizae,"",,"",,,
19579,Bulbophyllum lophoton J. J. Verm.,Bulbophyllum,lophoton,"",,"",,,
19602,Bulbophyllum macilentum J. J. Verm.,Bulbophyllum,macilentum,"",,"",,,
19614,Bulbophyllum macrourum Schltr.,Bulbophyllum,macrourum,"",,"",,,
19633,Bulbophyllum mangenotii Bosser,Bulbophyllum,mangenotii,"",,"",,,
19636,Bulbophyllum manobulbum Schltr.,Bulbophyllum,manobulbum,"",,"",,,
19648,Bulbophyllum masoalanum Schltr.,Bulbophyllum,masoalanum,"",,"",,,
19679,Bulbophyllum mesodon J. J. Verm.,Bulbophyllum,mesodon,"",,"",,,
19701,Bulbophyllum minax Schltr.,Bulbophyllum,minax,"",,"",,,
19706,Bulbophyllum minutipetalum Schltr.,Bulbophyllum,minutipetalum,"",,"",,,
19707,Bulbophyllum minutissimum (F. Muell.) F. Muell.,Bulbophyllum,minutissimum,"",,Tiny Bulbophyllum,,,
19714,Bulbophyllum mischobulbon Schltr.,Bulbophyllum,mischobulbon,"",,"",,,
19715,Bulbophyllum mobilifilum Carr,Bulbophyllum,mobilifilum,"",,"",,,
19734,Bulbophyllum mulderae J. J. Verm.,Bulbophyllum,mulderae,"",,"",,,
19789,Bulbophyllum nigericum Summerh.,Bulbophyllum,nigericum,"",,"",,,
19821,Bulbophyllum obtusatum Schltr.,Bulbophyllum,obtusatum,"",,"",,,
19828,Bulbophyllum ochroleucum Schltr.,Bulbophyllum,ochroleucum,"",,"",,,
19830,Bulbophyllum ochthochilum J. J. Verm.,Bulbophyllum,ochthochilum,"",,"",,,
19832,Bulbophyllum octarrhenipetalum J. J. Sm.,Bulbophyllum,octarrhenipetalum,"",,"",,,
19833,Bulbophyllum octorhopalon Seidenf.,Bulbophyllum,octorhopalon,"",,"",,,
19843,Bulbophyllum oliganthum Schltr.,Bulbophyllum,oliganthum,"",,"",,,
19855,Bulbophyllum oreodoxa Schltr.,Bulbophyllum,oreodoxa,"",,"",,,
19862,Bulbophyllum origami J. J. Verm.,Bulbophyllum,origami,"",,"",,,
19867,Bulbophyllum ortalis J. J. Verm.,Bulbophyllum,ortalis,"",,"",,,
19887,Bulbophyllum pachytelos Schltr.,Bulbophyllum,pachytelos,"",,"",,,
19889,Bulbophyllum paleiferum Schltr.,Bulbophyllum,paleiferum,"",,"",,,
19896,Bulbophyllum pandanetorum Summerh.,Bulbophyllum,pandanetorum,"",,"",,,
19897,Bulbophyllum pandurella Schltr.,Bulbophyllum,pandurella,"",,"",,,
19904,Bulbophyllum papillosofilum Carr,Bulbophyllum,papillosofilum,"",,"",,,
19912,Bulbophyllum parabates J. J. Verm.,Bulbophyllum,parabates,"",,"",,,
19934,Bulbophyllum peltopus Schltr.,Bulbophyllum,peltopus,"",,"",,,
19961,Bulbophyllum peyrotii Bosser,Bulbophyllum,peyrotii,"",,"",,,
15679,Triphora gallegosii Figueroa,Triphora,gallegosii,"",,"",,,
19971,Bulbophyllum phormion J. J. Verm.,Bulbophyllum,phormion,"",,"",,,
20007,Bulbophyllum pleurothallopsis Schltr.,Bulbophyllum,pleurothallopsis,"",,"",,,
20008,Bulbophyllum plicatum J. J. Verm.,Bulbophyllum,plicatum,"",,"",,,
20023,Bulbophyllum porphyrostachys Summerh.,Bulbophyllum,porphyrostachys,"",,"",,,
20025,Bulbophyllum posticum J. J. Sm.,Bulbophyllum,posticum,"",,"",,,
20055,Bulbophyllum ptychantyx J. J. Verm.,Bulbophyllum,ptychantyx,"",,"",,,
20096,Bulbophyllum quasimodo J. J. Verm.,Bulbophyllum,quasimodo,"",,"",,,
20098,Bulbophyllum radicans F. M. Bailey,Bulbophyllum,radicans,"",,"",,,
20113,Bulbophyllum reevei J. J. Verm.,Bulbophyllum,reevei,"",,"",,,
20124,Bulbophyllum renkinianum (Laurent) De Wild.,Bulbophyllum,renkinianum,"",,"",,,
20127,Bulbophyllum restrepia (Ridl.) Ridl.,Bulbophyllum,restrepia,"",,"",,,
20137,Bulbophyllum rhodoleucum Schltr.,Bulbophyllum,rhodoleucum,"",,"",,,
20148,Bulbophyllum rigidifilum J. J. Sm.,Bulbophyllum,rigidifilum,"",,"",,,
20172,Bulbophyllum rubrolabellum T. P. Lin,Bulbophyllum,rubrolabellum,"",,"",,,
20209,Bulbophyllum santoense J. J. Verm.,Bulbophyllum,santoense,"",,"",,,
20213,Bulbophyllum sarasinorum Schltr.,Bulbophyllum,sarasinorum,"",,"",,,
20249,Bulbophyllum scopa J. J. Verm.,Bulbophyllum,scopa,"",,"",,,
20251,Bulbophyllum scorpio J. J. Verm.,Bulbophyllum,scorpio,"",,"",,,
20254,Bulbophyllum scutiferum J. J. Verm.,Bulbophyllum,scutiferum,"",,"",,,
20268,Bulbophyllum septatum Schltr.,Bulbophyllum,septatum,"",,"",,,
20276,Bulbophyllum setigerum Lindl.,Bulbophyllum,setigerum,"",,"",,,
20333,Bulbophyllum stabile J. J. Sm.,Bulbophyllum,stabile,"",,"",,,
20355,Bulbophyllum stipulaceum Schltr.,Bulbophyllum,stipulaceum,"",,"",,,
20363,Bulbophyllum streptotriche J. J. Verm.,Bulbophyllum,streptotriche,"",,"",,,
20371,Bulbophyllum subapetalum J. J. Sm.,Bulbophyllum,subapetalum,"",,"",,,
20375,Bulbophyllum subclavatum Schltr.,Bulbophyllum,subclavatum,"",,"",,,
20380,Bulbophyllum subpatulum J. J. Verm.,Bulbophyllum,subpatulum,"",,"",,,
20387,Bulbophyllum sulcatum (Blume) Lindl.,Bulbophyllum,sulcatum,"",,"",,,
20388,Bulbophyllum sulfureum Schltr.,Bulbophyllum,sulfureum,"",,"",,,
20401,Bulbophyllum tampoketsense H. Perrier,Bulbophyllum,tampoketsense,"",,"",,,
20402,Bulbophyllum tanystiche J. J. Verm.,Bulbophyllum,tanystiche,"",,"",,,
18482,Bulbophyllum Thouars,Bulbophyllum,"","",,"",,,
20448,Bulbophyllum toilliezae Bosser,Bulbophyllum,toilliezae,"",,"",,,
20561,Bulbophyllum vesiculosum J. J. Sm.,Bulbophyllum,vesiculosum,"",,"",,,
20576,Bulbophyllum vulcanicum Kraenzl.,Bulbophyllum,vulcanicum,"",,"",,,
7893,Eltroplectris janeirensis (Porto & Brade) Pabst,Eltroplectris,janeirensis Porto,,,,,,
20590,Bulbophyllum wendlandianum (Kraenzl.) Dammer,Bulbophyllum,wendlandianum,"",,"",,,
5752,Caladenia brownii Hopper,Caladenia,brownii Hopper,,,,,,
5776,Caladenia citrina Hopper & A. P. Br.,Caladenia,citrina Hopper,,,,,,
5789,Caladenia cracens D. L. Jones,Caladenia,cracens D.,,,,,,
5794,Caladenia cruciformis D. L. Jones,Caladenia,cruciformis D.,,,,,,
5805,Caladenia dimorpha Fitzg.,Caladenia,dimorpha Fitzg.,,,,,,
5813,Caladenia dundasiae Hopper & A. P. Br.,Caladenia,dundasiae Hopper,,,,,,
5920,Caladenia mesocera Hopper & A. P. Br.,Caladenia,mesocera Hopper,,,,,,
5972,Caladenia radialis R. S. Rogers,Caladenia,radialis R.,,,,,,
5973,Caladenia radiata Nicholls,Caladenia,radiata Nicholls,,,,,,
5999,Caladenia splendens Hopper & A. P. Br.,Caladenia,splendens Hopper,,,,,,
23436,Calanthe brevicornu Lindl.,Calanthe,brevicornu,"",,"",,,
23457,Calanthe delavayi Finet,Calanthe,delavayi,"",,"",,,
23464,Calanthe fargesii Finet,Calanthe,fargesii,"",,"",,,
23468,Calanthe floresana P. J. Cribb,Calanthe,floresana,"",,"",,,
23481,Calanthe henryi Rolfe,Calanthe,henryi,"",,"",,,
23503,Calanthe masuca (D. Don) Lindl.,Calanthe,masuca,"",,"",,,
23523,Calanthe pauciverrucosa J. J. Sm.,Calanthe,pauciverrucosa,"",,"",,,
23526,Calanthe plantaginea Lindl.,Calanthe,plantaginea,"",,"",,,
23529,Calanthe puberula Lindl.,Calanthe,puberula,"",,"",,,
23553,Calanthe tricarinata Lindl.,Calanthe,tricarinata,"",,"",,,
6083,Calochilus neocaledonicus Schltr.,Calochilus,neocaledonicus Schltr.,,,,,,
16011,Calopogon multiflorus Lindl.,Calopogon,multiflorus,"",,"",,,
16012,Calopogon oklahomensis D. H. Goldman,Calopogon,oklahomensis,"",,"",,,
16013,Calopogon pallidus Chapm.,Calopogon,pallidus,"",,"",,,
16009,Calopogon R. Br.,Calopogon,"","",,"",,,
31581,Calypso bulbosa (L.) Oakes,Calypso,bulbosa,"",,Norne,,,
31580,Calypso Salisb.,Calypso,"","",,"",,,
24437,Campylocentrum amazonicum Cogn.,Campylocentrum,amazonicum,"",,"",,,
24434,Campylocentrum Benth.,Campylocentrum,"","",,"",,,
24455,Campylocentrum fasciola (Lindl.) Cogn.,Campylocentrum,fasciola,"",,"",,,
24463,Campylocentrum hondurense Ames,Campylocentrum,hondurense,"",,"",,,
24464,Campylocentrum huebneri Mansf.,Campylocentrum,huebneri,"",,"",,,
24470,Campylocentrum kuntzei Cogn. ex Kuntze,Campylocentrum,kuntzei,"",,"",,,
24479,Campylocentrum micranthum (Lindl.) Rolfe,Campylocentrum,micranthum,"",,"",,,
24481,Campylocentrum minutum C. Schweinf.,Campylocentrum,minutum,"",,"",,,
24500,Campylocentrum pygmaeum Cogn.,Campylocentrum,pygmaeum,"",,"",,,
24508,Campylocentrum spannagelii Hoehne,Campylocentrum,spannagelii,"",,"",,,
24510,Campylocentrum tenue (Lindl.) Rolfe,Campylocentrum,tenue,"",,"",,,
27171,Catasetum albovirens Barb. Rodr.,Catasetum,albovirens,"",,"",,,
27174,Catasetum aripuanense Bicalho,Catasetum,aripuanense,"",,"",,,
27177,Catasetum barbatum (Lindl.) Lindl.,Catasetum,barbatum,"",,"",,,
15744,Gastrodia boninensis Tuyama,Gastrodia,boninensis,"",,"",,,
27188,Catasetum brichtae Bicalho,Catasetum,brichtae,"",,"",,,
27190,Catasetum callosum Lindl.,Catasetum,callosum,"",,"",,,
27204,Catasetum collare Cogn.,Catasetum,collare,"",,"",,,
27210,Catasetum cristatum Lindl.,Catasetum,cristatum,"",,"",,,
27221,Catasetum dupliciscutula Senghas,Catasetum,dupliciscutula,"",,"",,,
27225,Catasetum ferox Kraenzl.,Catasetum,ferox,"",,"",,,
27232,Catasetum globiflorum Hook.,Catasetum,globiflorum,"",,"",,,
27239,Catasetum incurvum Klotzsch,Catasetum,incurvum,"",,"",,,
27245,Catasetum juruenense Hoehne,Catasetum,juruenense,"",,"",,,
27250,Catasetum kraenzlinianum Mansf.,Catasetum,kraenzlinianum,"",,"",,,
27254,Catasetum lanceatum F. E. L. Miranda,Catasetum,lanceatum,"",,"",,,
27256,Catasetum lemosii Rolfe,Catasetum,lemosii,"",,"",,,
27260,Catasetum longifolium Lindl.,Catasetum,longifolium,"",,"",,,
27265,Catasetum macrocarpum Rich. ex Kunth,Catasetum,macrocarpum,"",,Gorge Macaque,,,
27267,Catasetum maculatum Kunth,Catasetum,maculatum,"",,"",,,
27271,Catasetum matogrossense Bicalho,Catasetum,matogrossense,"",,"",,,
27273,Catasetum meeae Pabst,Catasetum,meeae,"",,"",,,
27279,Catasetum moorei C. Schweinf.,Catasetum,moorei,"",,"",,,
27280,Catasetum multifidum F. E. L. Miranda,Catasetum,multifidum,"",,"",,,
27288,Catasetum ornithoides Pabst,Catasetum,ornithoides,"",,"",,,
27298,Catasetum planiceps Lindl.,Catasetum,planiceps,"",,"",,,
27300,Catasetum pulchrum N. E. Br.,Catasetum,pulchrum,"",,"",,,
27305,Catasetum quadridens Rolfe,Catasetum,quadridens,"",,"",,,
27307,Catasetum randii Rolfe,Catasetum,randii,"",,"",,,
27310,Catasetum reichenbachianum Mansf.,Catasetum,reichenbachianum,"",,"",,,
27311,Catasetum richteri Bicalho,Catasetum,richteri,"",,"",,,
27316,Catasetum rolfeanum Mansf.,Catasetum,rolfeanum,"",,"",,,
27317,Catasetum rondonense Pabst,Catasetum,rondonense,"",,"",,,
27319,Catasetum saccatum Lindl.,Catasetum,saccatum,"",,"",,,
27327,Catasetum semicirculatum F. E. L. Miranda,Catasetum,semicirculatum,"",,"",,,
27332,Catasetum stenoglossum Pabst,Catasetum,stenoglossum,"",,"",,,
27339,Catasetum tenebrosum Kraenzl.,Catasetum,tenebrosum,"",,"",,,
27340,Catasetum tenuiglossum Senghas,Catasetum,tenuiglossum,"",,"",,,
7906,Cattleya bicolor,Cattleya,bicolor,Lindl.,,Bicolored Cattleya,,,
34257,Caularthron bicornutum (Hook.) Raf.,Caularthron,bicornutum,"",,Virgin Mary Orchid,,,
15257,Cephalanthera austiniae (A. Gray) A. Heller,Cephalanthera,austiniae,"",,"",,,
15256,Cephalanthera Rich.,Cephalanthera,"","",,"",,,
24935,Ceratocentron fesselii Senghas,Ceratocentron,fesselii,"",,"",,,
22941,Ceratostylis scariosa Ridl.,Ceratostylis,scariosa,"",,"",,,
3120,Chamorchis alpina (L.) Rich.,Chamorchis,alpina L.,,,,,,
31000,Chaubardia klugii (C. Schweinf.) Garay,Chaubardia,klugii,"",,"",,,
30927,Cheiradenia cuspidata Lindl.,Cheiradenia,cuspidata,"",,"",,,
7145,Cheirostylis Blume,Cheirostylis,Blume,,,,,,
7158,Cheirostylis divina (Guinea) Summerh.,Cheirostylis,divina Guinea,,,,,,
7167,Cheirostylis griffithii Lindl.,Cheirostylis,griffithii Lindl.,,,,,,
7184,Cheirostylis notialis D. L. Jones,Cheirostylis,notialis D.,,,,,,
7187,Cheirostylis orobanchoides (F. Muell.) D. L. Jones & M. A. Clem.,Cheirostylis,orobanchoides F.,,,,,,
7189,Cheirostylis parvifolia Lindl.,Cheirostylis,parvifolia Lindl.,,,,,,
7205,Cheirostylis yunnanensis Rolfe,Cheirostylis,yunnanensis Rolfe,,,,,,
30835,Cochleanthes Raf.,Cochleanthes,"","",,"",,,
16423,Coelogyne fimbriata Lindl.,Coelogyne,fimbriata,"",,"",,,
16425,Coelogyne flaccida Lindl.,Coelogyne,flaccida,"",,"",,,
16438,Coelogyne fuscescens Lindl.,Coelogyne,fuscescens,"",,"",,,
16621,Coelogyne ovalis Lindl.,Coelogyne,ovalis,"",,"",,,
16667,Coelogyne prolifera Lindl.,Coelogyne,prolifera,"",,"",,,
16821,Coelogyne veitchii Rolfe,Coelogyne,veitchii,"",,"",,,
31658,Corallorhiza bentleyi Freudenst.,Corallorhiza,bentleyi,"",,"",,,
31665,Corallorhiza mertensiana Bong.,Corallorhiza,mertensiana,"",,"",,,
31669,Corallorhiza striata Lindl.,Corallorhiza,striata,"",,Striped Coral-root,,,
31672,Corallorhiza wisteriana Conrad,Corallorhiza,wisteriana,"",,Spring Coral-root,,,
31323,Coryanthes bicalcarata Schltr.,Coryanthes,bicalcarata,"",,"",,,
31324,Coryanthes boyi Mansf.,Coryanthes,boyi,"",,"",,,
31330,Coryanthes dasilvae F. Barros,Coryanthes,dasilvae,"",,"",,,
31334,Coryanthes feildingii Lindl.,Coryanthes,feildingii,"",,"",,,
31351,Coryanthes macrantha (Hook.) Hook.,Coryanthes,macrantha,"",,"",,,
31353,Coryanthes maculata Hook.,Coryanthes,maculata,"",,"",,,
31356,Coryanthes mastersiana F. Lehm.,Coryanthes,mastersiana,"",,"",,,
31383,Coryanthes vieirae G. Gerlach,Coryanthes,vieirae,"",,"",,,
5456,Corybas insulifloris P. Royen,Corybas,insulifloris P.,,,,,,
16005,Corymborkis minima P. J. Cribb,Corymborkis,minima,"",,"",,,
15998,Corymborkis Thouars,Corymborkis,"","",,"",,,
7809,Cranichis muscosa Sw.,Cranichis,muscosa Sw.,,,,,,
7828,Cranichis ricartii Ackerman,Cranichis,ricartii Ackerman,,,,,,
7758,Cranichis Sw.,Cranichis,Sw.,,,,,,
30568,Cryptarrhena guatemalensis Schltr.,Cryptarrhena,guatemalensis,"",,"",,,
30570,Cryptarrhena lunata R. Br.,Cryptarrhena,lunata,"",,"",,,
24364,Cryptopus brachiatus H. Perrier,Cryptopus,brachiatus,"",,"",,,
24365,Cryptopus dissectus (Bosser) Bosser,Cryptopus,dissectus,"",,"",,,
24367,Cryptopus paniculatus H. Perrier,Cryptopus,paniculatus,"",,"",,,
14546,Cyclopogon bicolor (Ker Gawl.) Schltr.,Cyclopogon,bicolor,"",,"",,,
14539,Cyclopogon C. Presl,Cyclopogon,"","",,"",,,
14559,Cyclopogon cranichoides (Griseb.) Schltr.,Cyclopogon,cranichoides,"",,"",,,
14565,Cyclopogon elatus (Sw.) Schltr.,Cyclopogon,elatus,"",,"",,,
14588,Cyclopogon longibracteatus (Barb. Rodr.) Schltr.,Cyclopogon,longibracteatus,"",,"",,,
14601,Cyclopogon olivaceus (Rolfe) Schltr.,Cyclopogon,olivaceus,"",,"",,,
14630,Cyclopogon werffii Dodson,Cyclopogon,werffii,"",,"",,,
27419,Cycnoches haagii Barb. Rodr.,Cycnoches,haagii,"",,"",,,
27422,Cycnoches loddigesii Lindl.,Cycnoches,loddigesii,"",,"",,,
26667,Cymbidium eburneum Lindl.,Cymbidium,eburneum,"",,"",,,
5075,Prasophyllum patens R. Br.,Prasophyllum,patens R.,,,,,,
26668,Cymbidium elegans Lindl.,Cymbidium,elegans,"",,"",,,
2748,Cynorkis ambondrombensis Boiteau,Cynorkis,ambondrombensis Boiteau,,,,,,
2756,Cynorkis anisoloba Summerh.,Cynorkis,anisoloba Summerh.,,,,,,
2758,Cynorkis aphylla Schltr.,Cynorkis,aphylla Schltr.,,,,,,
2760,Cynorkis aurantiaca Ridl.,Cynorkis,aurantiaca Ridl.,,,,,,
2768,Cynorkis bimaculata (Ridl.) H. Perrier,Cynorkis,bimaculata Ridl.,,,,,,
2786,Cynorkis catatii Bosser,Cynorkis,catatii Bosser,,,,,,
2797,Cynorkis cuneilabia Schltr.,Cynorkis,cuneilabia Schltr.,,,,,,
2816,Cynorkis formosa Bosser,Cynorkis,formosa Bosser,,,,,,
2818,Cynorkis gibbosa Ridl.,Cynorkis,gibbosa Ridl.,,,,,,
2821,Cynorkis globifera H. Perrier,Cynorkis,globifera H.,,,,,,
2824,Cynorkis gymnochiloides (Schltr.) H. Perrier,Cynorkis,gymnochiloides Schltr.,,,,,,
2826,Cynorkis henrici Schltr.,Cynorkis,henrici Schltr.,,,,,,
2831,Cynorkis humbertii Bosser,Cynorkis,humbertii Bosser,,,,,,
2857,Cynorkis lindleyana Hermans,Cynorkis,lindleyana Hermans,,,,,,
2871,Cynorkis monadenia H. Perrier,Cynorkis,monadenia H.,,,,,,
2873,Cynorkis muscicola Bosser,Cynorkis,muscicola Bosser,,,,,,
2885,Cynorkis peyrotii Bosser,Cynorkis,peyrotii Bosser,,,,,,
2886,Cynorkis pinguicularioides H. Perrier,Cynorkis,pinguicularioides H.,,,,,,
2889,Cynorkis pseudorolfei H. Perrier,Cynorkis,pseudorolfei H.,,,,,,
2896,Cynorkis rolfei Hochr.,Cynorkis,rolfei Hochr.,,,,,,
2899,Cynorkis rungweensis Schltr.,Cynorkis,rungweensis Schltr.,,,,,,
2900,Cynorkis sacculata Schltr.,Cynorkis,sacculata Schltr.,,,,,,
2901,Cynorkis sagittata H. Perrier,Cynorkis,sagittata H.,,,,,,
