page_id,scientific_name,trait_name,trait_value,trait_unit
29154,Tipularia,http://eol.org/schema/terms/ExtinctionStatus,http://eol.org/schema/terms/extinct,
29432,Cancellaria subgen. Barkeria,http://eol.org/schema/terms/ExtinctionStatus,http://eol.org/schema/terms/extinct,
1134386,Platanthera leucophaea (Nutt.) Lindl.,http://rs.tdwg.org/dwc/terms/habitat,http://purl.obolibrary.org/obo/ENVO_00000446,
1140470,Liparis rosseelii Stévart,http://rs.tdwg.org/dwc/terms/habitat,http://purl.obolibrary.org/obo/ENVO_00000446,
231446,Bulbophyllum debile Bosser,http://rs.tdwg.org/dwc/terms/habitat,http://purl.obolibrary.org/obo/ENVO_00000446,
251804,Bulbophyllum masoalanum Schltr.,http://rs.tdwg.org/dwc/terms/habitat,http://purl.obolibrary.org/obo/ENVO_00000446,
1099337,Angraecum equitans Schltr.,http://rs.tdwg.org/dwc/terms/habitat,http://purl.obolibrary.org/obo/ENVO_00000446,
1134440,Platanthera chapmanii (Small) Luer,http://rs.tdwg.org/dwc/terms/habitat,http://purl.obolibrary.org/obo/ENVO_00000446,
986516,Bulbophyllum scaberulum (Rolfe) Bolus,http://rs.tdwg.org/dwc/terms/habitat,http://purl.obolibrary.org/obo/ENVO_00000446,
1091328,Aeranthes moratii Bosser,http://rs.tdwg.org/dwc/terms/habitat,http://purl.obolibrary.org/obo/ENVO_00000446,
1093022,Eggelingia gabonensis P. J. Cribb & Laan,http://rs.tdwg.org/dwc/terms/habitat,http://purl.obolibrary.org/obo/ENVO_00000446,
1135709,Peristylus holochila (Hillebr.) N. Hallé,http://rs.tdwg.org/dwc/terms/habitat,http://purl.obolibrary.org/obo/ENVO_00000446,
1089762,Polystachya lejolyana Stévart,http://rs.tdwg.org/dwc/terms/habitat,http://purl.obolibrary.org/obo/ENVO_00000446,
1113017,Habenaria angustissima Summerh.,http://rs.tdwg.org/dwc/terms/habitat,http://purl.obolibrary.org/obo/ENVO_00000446,
1100661,Angraecum melanostictum Schltr.,http://rs.tdwg.org/dwc/terms/habitat,http://purl.obolibrary.org/obo/ENVO_00000446,
1099696,Angraecum setipes Schltr.,http://rs.tdwg.org/dwc/terms/habitat,http://purl.obolibrary.org/obo/ENVO_00000446,
231490,Bulbophyllum septatum Schltr.,http://rs.tdwg.org/dwc/terms/habitat,http://purl.obolibrary.org/obo/ENVO_00000446,
252988,Bulbophyllum moratii Bosser,http://rs.tdwg.org/dwc/terms/habitat,http://purl.obolibrary.org/obo/ENVO_00000446,
1133071,Polystachya stodolnyi Szlach. & Olszewski,http://rs.tdwg.org/dwc/terms/habitat,http://purl.obolibrary.org/obo/ENVO_00000446,
1142652,Isotria medeoloides (Pursh) Raf.,http://rs.tdwg.org/dwc/terms/habitat,http://purl.obolibrary.org/obo/ENVO_00000446,
1130306,Spiranthes brevilabris Lindl.,http://rs.tdwg.org/dwc/terms/habitat,http://purl.obolibrary.org/obo/ENVO_00000446,
1092897,Cynorkis sylvatica Bosser,http://rs.tdwg.org/dwc/terms/habitat,http://purl.obolibrary.org/obo/ENVO_00000446,
1142572,Jumellea stenophylla (Frapp. ex Cordem.) Schltr.,http://rs.tdwg.org/dwc/terms/habitat,http://purl.obolibrary.org/obo/ENVO_00000446,
1092879,Cynorkis rolfei Hochr.,http://rs.tdwg.org/dwc/terms/habitat,http://purl.obolibrary.org/obo/ENVO_00000446,
1113163,Angraecum peyrotii Bosser,http://rs.tdwg.org/dwc/terms/habitat,http://purl.obolibrary.org/obo/ENVO_00000446,
1133118,Polystachya parviflora Summerh.,http://rs.tdwg.org/dwc/terms/habitat,http://purl.obolibrary.org/obo/ENVO_00000446,
1092822,Cynorkis globifera H. Perrier,http://rs.tdwg.org/dwc/terms/habitat,http://purl.obolibrary.org/obo/ENVO_00000446,
1116148,Bulbophyllum ciliatilabrum H. Perrier,http://rs.tdwg.org/dwc/terms/habitat,http://purl.obolibrary.org/obo/ENVO_00000446,
251724,Bulbophyllum mangenotii Bosser,http://rs.tdwg.org/dwc/terms/habitat,http://purl.obolibrary.org/obo/ENVO_00000446,
52191607,Diaphananthe spiralis (Stévart & Droissart) P. J. Cribb & Carlsward,http://rs.tdwg.org/dwc/terms/habitat,http://purl.obolibrary.org/obo/ENVO_00000446,
1133166,Polystachya kubalae Szlach. & Olszewski,http://rs.tdwg.org/dwc/terms/habitat,http://purl.obolibrary.org/obo/ENVO_00000446,
247652,Polystachya principia Stévart & P. J. Cribb,http://rs.tdwg.org/dwc/terms/habitat,http://purl.obolibrary.org/obo/ENVO_00000446,
1091122,Aerangis punctata J. L. Stewart,http://rs.tdwg.org/dwc/terms/habitat,http://purl.obolibrary.org/obo/ENVO_00000446,
1091376,Aeranthes peyrotii Bosser,http://rs.tdwg.org/dwc/terms/habitat,http://purl.obolibrary.org/obo/ENVO_00000446,
1133257,Polystachya albescens Ridl.,http://rs.tdwg.org/dwc/terms/habitat,http://purl.obolibrary.org/obo/ENVO_00000446,
1113130,Angraecum rigidifolium H. Perrier,http://rs.tdwg.org/dwc/terms/habitat,http://purl.obolibrary.org/obo/ENVO_00000446,
1092904,Cynorkis tristis Bosser,http://rs.tdwg.org/dwc/terms/habitat,http://purl.obolibrary.org/obo/ENVO_00000446,
1140814,Liparis ascendens P. J. Cribb,http://rs.tdwg.org/dwc/terms/habitat,http://purl.obolibrary.org/obo/ENVO_00000446,
52517193,Bulbophyllum pauwelsianum Stévart & Droissart,http://rs.tdwg.org/dwc/terms/habitat,http://purl.obolibrary.org/obo/ENVO_00000446,
1091253,Aeranthes ecalcarata H. Perrier,http://rs.tdwg.org/dwc/terms/habitat,http://purl.obolibrary.org/obo/ENVO_00000446,
1113071,Habenaria prionocraspedon Summerh.,http://rs.tdwg.org/dwc/terms/habitat,http://purl.obolibrary.org/obo/ENVO_00000446,
1116292,Bulbophyllum ceriodorum Boiteau,http://rs.tdwg.org/dwc/terms/habitat,http://purl.obolibrary.org/obo/ENVO_00000446,
1092883,Cynorkis sagittata H. Perrier,http://rs.tdwg.org/dwc/terms/habitat,http://purl.obolibrary.org/obo/ENVO_00000446,
5919971,Liparis ambohimangana Hermans,http://rs.tdwg.org/dwc/terms/habitat,http://purl.obolibrary.org/obo/ENVO_00000446,
1113168,Halleorchis aspidogynoides Szlach. & Olszewski,http://rs.tdwg.org/dwc/terms/habitat,http://purl.obolibrary.org/obo/ENVO_00000446,
1092914,Cynorkis zaratananae Schltr.,http://rs.tdwg.org/dwc/terms/habitat,http://purl.obolibrary.org/obo/ENVO_00000446,
1091393,Aeranthes setipes Schltr.,http://rs.tdwg.org/dwc/terms/habitat,http://purl.obolibrary.org/obo/ENVO_00000446,
1099598,Angraecum moratii Bosser,http://rs.tdwg.org/dwc/terms/habitat,http://purl.obolibrary.org/obo/ENVO_00000446,
1112340,Angraecum amplexicaule Toill.-Gen. & Bosser,http://rs.tdwg.org/dwc/terms/habitat,http://purl.obolibrary.org/obo/ENVO_00000446,
1113455,Angraecum cornucopiae H. Perrier,http://rs.tdwg.org/dwc/terms/habitat,http://purl.obolibrary.org/obo/ENVO_00000446,
1113128,Angraecum rubellum Bosser,http://rs.tdwg.org/dwc/terms/habitat,http://purl.obolibrary.org/obo/ENVO_00000446,
1099711,Angraecum teretifolium Ridl.,http://rs.tdwg.org/dwc/terms/habitat,http://purl.obolibrary.org/obo/ENVO_00000446,
1136476,Ophrys lutea (Gouan),http://eol.org/schema/terms/Present,http://www.geonames.org/2264397,
987746,Bulbophyllum tampoketsense H. Perrier,http://rs.tdwg.org/dwc/terms/habitat,http://purl.obolibrary.org/obo/ENVO_00000446,
245679,Bulbophyllum discilabium H. Perrier,http://rs.tdwg.org/dwc/terms/habitat,http://purl.obolibrary.org/obo/ENVO_00000446,
1092814,Cynorkis formosa Bosser,http://rs.tdwg.org/dwc/terms/habitat,http://purl.obolibrary.org/obo/ENVO_00000446,
1091214,"Aeranthes albidiflora Toill.-Gen., Ursch & Bosser",http://rs.tdwg.org/dwc/terms/habitat,http://purl.obolibrary.org/obo/ENVO_00000446,
1112649,Habenaria lisowskii Szlach.,http://rs.tdwg.org/dwc/terms/habitat,http://purl.obolibrary.org/obo/ENVO_00000446,
1113491,Eulophia mangenotiana Bosser & Veyret,http://rs.tdwg.org/dwc/terms/habitat,http://purl.obolibrary.org/obo/ENVO_00000446,
987586,Bulbophyllum sulfureum Schltr.,http://rs.tdwg.org/dwc/terms/habitat,http://purl.obolibrary.org/obo/ENVO_00000446,
1091380,Aeranthes polyanthemus Ridl.,http://rs.tdwg.org/dwc/terms/habitat,http://purl.obolibrary.org/obo/ENVO_00000446,
345860,Bulbophyllum pandurella Schltr.,http://rs.tdwg.org/dwc/terms/habitat,http://purl.obolibrary.org/obo/ENVO_00000446,
1092699,Cymbidiella pardalina (Rchb. fil.) Garay,http://rs.tdwg.org/dwc/terms/habitat,http://purl.obolibrary.org/obo/ENVO_00000446,
1092769,Cynorkis aurantiaca Ridl.,http://rs.tdwg.org/dwc/terms/habitat,http://purl.obolibrary.org/obo/ENVO_00000446,
1101153,Diaphananthe sanfordiana Szlach. & Olszewski,http://rs.tdwg.org/dwc/terms/habitat,http://purl.obolibrary.org/obo/ENVO_00000446,
983168,Bulbophyllum rubrum Jum. & Perrier,http://rs.tdwg.org/dwc/terms/habitat,http://purl.obolibrary.org/obo/ENVO_00000446,
1117217,Bulbophyllum analamazoatrae Schltr.,http://rs.tdwg.org/dwc/terms/habitat,http://purl.obolibrary.org/obo/ENVO_00000446,
1092891,Cynorkis souegesii Bosser & Veyret,http://rs.tdwg.org/dwc/terms/habitat,http://purl.obolibrary.org/obo/ENVO_00002037,
51554707,"Epipactis pinovica S. Hertel, S. Tsiftsis & Z. Antonopoulos",http://rs.tdwg.org/dwc/terms/habitat,http://purl.obolibrary.org/obo/ENVO_00000446,
1092519,Cryptopus dissectus (Bosser) Bosser,http://rs.tdwg.org/dwc/terms/habitat,http://purl.obolibrary.org/obo/ENVO_00000446,
1091229,Aeranthes angustidens H. Perrier,http://rs.tdwg.org/dwc/terms/habitat,http://purl.obolibrary.org/obo/ENVO_00000446,
1128743,Benthamia nigrescens Schltr.,http://rs.tdwg.org/dwc/terms/habitat,http://purl.obolibrary.org/obo/ENVO_00000446,
1134320,Platanthera zothecina (L. C. Higgins & S. L. Welsh) Kartesz & Gandhi,http://rs.tdwg.org/dwc/terms/habitat,http://purl.obolibrary.org/obo/ENVO_00000446,
1099334,Angraecum eichlerianum Kraenzl.,http://rs.tdwg.org/dwc/terms/habitat,http://purl.obolibrary.org/obo/ENVO_00000446,
249579,Bulbophyllum lakatoense Bosser,http://rs.tdwg.org/dwc/terms/habitat,http://purl.obolibrary.org/obo/ENVO_00000446,
1091326,Aeranthes leandriana Bosser,http://rs.tdwg.org/dwc/terms/habitat,http://purl.obolibrary.org/obo/ENVO_00000446,
5910268,"Platanthera yosemitensis Colwell, Sheviak & P. E. Moore",http://rs.tdwg.org/dwc/terms/habitat,http://purl.obolibrary.org/obo/ENVO_00000446,
1099718,Angraecum viguieri Schltr.,http://rs.tdwg.org/dwc/terms/habitat,http://purl.obolibrary.org/obo/ENVO_00000446,
31173398,Bulbophyllum uroplatoides Hermans & G. A. Fisch.,http://rs.tdwg.org/dwc/terms/habitat,http://purl.obolibrary.org/obo/ENVO_00000446,
1113035,Habenaria alinae Szlach.,http://rs.tdwg.org/dwc/terms/habitat,http://purl.obolibrary.org/obo/ENVO_00000446,
1131761,Rhipidoglossum ochyrae Szlach. & Olszewski,http://rs.tdwg.org/dwc/terms/habitat,http://purl.obolibrary.org/obo/ENVO_00000446,
1091329,Aeranthes multinodis Bosser,http://rs.tdwg.org/dwc/terms/habitat,http://purl.obolibrary.org/obo/ENVO_00000446,
1112252,Gastrorchis tuberculosa (Thouars) Schltr.,http://rs.tdwg.org/dwc/terms/habitat,http://purl.obolibrary.org/obo/ENVO_00000446,
1091254,Aeranthes strangulata Frapp. ex Cordem.,http://rs.tdwg.org/dwc/terms/habitat,http://purl.obolibrary.org/obo/ENVO_00000446,
1120579,Disperis masoalensis P. J. Cribb & la Croix,http://rs.tdwg.org/dwc/terms/habitat,http://purl.obolibrary.org/obo/ENVO_00000446,
1100822,Habenaria bosseriana Szlach. & Olszewski,http://rs.tdwg.org/dwc/terms/habitat,http://purl.obolibrary.org/obo/ENVO_00000446,
1111183,Eulophia ecristata (Fernald) Ames,http://rs.tdwg.org/dwc/terms/habitat,http://purl.obolibrary.org/obo/ENVO_00000446,
1092521,Cryptopus paniculatus H. Perrier,http://rs.tdwg.org/dwc/terms/habitat,http://purl.obolibrary.org/obo/ENVO_00000446,
248371,Bulbophyllum hirsutiusculum H. Perrier,http://rs.tdwg.org/dwc/terms/habitat,http://purl.obolibrary.org/obo/ENVO_00000446,
1140661,Liparis gracilenta Dandy,http://rs.tdwg.org/dwc/terms/habitat,http://purl.obolibrary.org/obo/ENVO_00000446,
1133241,"Polystachya biteaui P. J. Cribb, la Croix & Stévart",http://rs.tdwg.org/dwc/terms/habitat,http://purl.obolibrary.org/obo/ENVO_00000446,
1096941,Encyclia phoenicea (Lindl.) Neumann,http://rs.tdwg.org/dwc/terms/habitat,http://purl.obolibrary.org/obo/ENVO_00000446,
346365,Bulbophyllum peyrotii Bosser,http://rs.tdwg.org/dwc/terms/habitat,http://purl.obolibrary.org/obo/ENVO_00000446,
1099694,Angraecum pseudodidieri H. Perrier,http://rs.tdwg.org/dwc/terms/habitat,http://purl.obolibrary.org/obo/ENVO_00000446,
1112663,Angraecum letouzeyi Bosser,http://rs.tdwg.org/dwc/terms/habitat,http://purl.obolibrary.org/obo/ENVO_00000446,
1113149,Angraecum potamophilum Schltr.,http://rs.tdwg.org/dwc/terms/habitat,http://purl.obolibrary.org/obo/ENVO_00002037,
355521,Bulbophyllum pleurothallopsis Schltr.,http://rs.tdwg.org/dwc/terms/habitat,http://purl.obolibrary.org/obo/ENVO_00000446,
229027,Bulbophyllum comatum Lindl.,http://rs.tdwg.org/dwc/terms/habitat,http://purl.obolibrary.org/obo/ENVO_00000446,
1091159,Aerangis seegeri Senghas,http://rs.tdwg.org/dwc/terms/habitat,http://purl.obolibrary.org/obo/ENVO_00000446,
1120583,Disperis bosseri la Croix & P. J. Cribb,http://rs.tdwg.org/dwc/terms/habitat,http://purl.obolibrary.org/obo/ENVO_00000446,
