photo_file,Base Color,Overlay Color,Markings,Color Saturation,Fragrance,Flower Size (Natural Spread),Petal Width Ratio,Lip to Sepal Ratio,Flower Count,Inflorescence Length,Form,Symmetry,Texture,Presentation
photos/cattleya_specimen_1.jpg,AI_value_for_Base Color,AI_value_for_Overlay Color,AI_value_for_Markings,AI_value_for_Color Saturation,AI_value_for_Fragrance,AI_value_for_Flower Size (Natural Spread),AI_value_for_Petal Width Ratio,AI_value_for_Lip to Sepal Ratio,AI_value_for_Flower Count,AI_value_for_Inflorescence Length,AI_value_for_Form,AI_value_for_Symmetry,AI_value_for_Texture,AI_value_for_Presentation
photos/cattleya_specimen_2.jpg,AI_value_for_Base Color,AI_value_for_Overlay Color,AI_value_for_Markings,AI_value_for_Color Saturation,AI_value_for_Fragrance,AI_value_for_Flower Size (Natural Spread),AI_value_for_Petal Width Ratio,AI_value_for_Lip to Sepal Ratio,AI_value_for_Flower Count,AI_value_for_Inflorescence Length,AI_value_for_Form,AI_value_for_Symmetry,AI_value_for_Texture,AI_value_for_Presentation
photos/sarcochilus_specimen_1.jpg,AI_value_for_Base Color,AI_value_for_Overlay Color,AI_value_for_Markings,AI_value_for_Color Saturation,AI_value_for_Fragrance,AI_value_for_Flower Size (Natural Spread),AI_value_for_Petal Width Ratio,AI_value_for_Lip to Sepal Ratio,AI_value_for_Flower Count,AI_value_for_Inflorescence Length,AI_value_for_Form,AI_value_for_Symmetry,AI_value_for_Texture,AI_value_for_Presentation
photos/sarcochilus_specimen_2.jpg,AI_value_for_Base Color,AI_value_for_Overlay Color,AI_value_for_Markings,AI_value_for_Color Saturation,AI_value_for_Fragrance,AI_value_for_Flower Size (Natural Spread),AI_value_for_Petal Width Ratio,AI_value_for_Lip to Sepal Ratio,AI_value_for_Flower Count,AI_value_for_Inflorescence Length,AI_value_for_Form,AI_value_for_Symmetry,AI_value_for_Texture,AI_value_for_Presentation
photos/zygopetalum_specimen_1.jpg,AI_value_for_Base Color,AI_value_for_Overlay Color,AI_value_for_Markings,AI_value_for_Color Saturation,AI_value_for_Fragrance,AI_value_for_Flower Size (Natural Spread),AI_value_for_Petal Width Ratio,AI_value_for_Lip to Sepal Ratio,AI_value_for_Flower Count,AI_value_for_Inflorescence Length,AI_value_for_Form,AI_value_for_Symmetry,AI_value_for_Texture,AI_value_for_Presentation
photos/zygopetalum_specimen_2.jpg,AI_value_for_Base Color,AI_value_for_Overlay Color,AI_value_for_Markings,AI_value_for_Color Saturation,AI_value_for_Fragrance,AI_value_for_Flower Size (Natural Spread),AI_value_for_Petal Width Ratio,AI_value_for_Lip to Sepal Ratio,AI_value_for_Flower Count,AI_value_for_Inflorescence Length,AI_value_for_Form,AI_value_for_Symmetry,AI_value_for_Texture,AI_value_for_Presentation
