genus,hybrid_name,parents,description,image_file,botanical_features,scrape_method,ai_derivable_features,source,leaf_type,flower_shape,flower_color,growth_habit,flowering_season,fragrance,size_dimensions,origin_country,pollinator_type,light_requirement,water_requirement,temperature_requirement,humidity_requirement,petal_count,leaf_type_confidence,leaf_type_confidence_confidence,flower_shape_confidence,flower_shape_confidence_confidence,flower_color_confidence,flower_color_confidence_confidence,growth_habit_confidence,growth_habit_confidence_confidence,flowering_season_confidence,flowering_season_confidence_confidence,fragrance_confidence,fragrance_confidence_confidence,size_dimensions_confidence,size_dimensions_confidence_confidence,pollinator_type_confidence,pollinator_type_confidence_confidence,light_requirement_confidence,light_requirement_confidence_confidence,water_requirement_confidence,water_requirement_confidence_confidence,temperature_requirement_confidence,temperature_requirement_confidence_confidence,humidity_requirement_confidence,humidity_requirement_confidence_confidence,petal_count_confidence,petal_count_confidence_confidence,new_novel_trait_example,new_novel_trait_example_confidence,chromosome_number,ploidy,known_trait_genes,Parent1,Parent2
Cattleya,Cattleya labiata var. autumnalis,Species variety,"Large labellum with prominent callus, crystalline texture on petals, rich magenta coloration with darker veining. Pseudobulbs are elongated with single terminal leaf.",cattleya_specimen_1.jpg,"['Labellum (Lip)', 'Petals', 'Pseudobulb', 'Base Color', 'Markings']",demo_generated,5,Demo data for SVO-Orchid Continuum integration,leathery,large_showy,,epiphytic,,,,,,bright_indirect,,,,6,,,,,,,,,,,,,,,,,,,,,,,,,,,,,,,{},Species variety,
Cattleya,Cattleya warscewiczii 'Alba',Species form,"White form showing excellent substance and form. Dorsal sepal broad and overlapping, lateral sepals reflexed. Inflorescence erect with single large flower.",cattleya_specimen_2.jpg,"['Dorsal Sepal', 'Lateral Sepals', 'Substance', 'Form', 'Inflorescence Type']",demo_generated,5,Demo data for SVO-Orchid Continuum integration,leathery,large_showy,,epiphytic,,,,,,bright_indirect,,,,6,,,,,,,,,,,,,,,,,,,,,,,,,,,,,,,{},Species form,
Sarcochilus,Sarcochilus fitzgeraldii,Species,"Small white flowers with red markings, arranged in drooping raceme. Aerial roots prominent with thick velamen. Leaves distichous and succulent.",sarcochilus_specimen_1.jpg,"['Markings', 'Inflorescence Type', 'Aerial Root', 'Velamen', 'Leaf Arrangement']",demo_generated,5,Demo data for SVO-Orchid Continuum integration,succulent,small_clustered,,epiphytic,,,,,,moderate,,,,6,,,,,,,,,,,,,,,,,,,,,,,,,,,,,,,{},Species,
Sarcochilus,Sarcochilus Heidi × ceciliae,S. Heidi × S. ceciliae,"Hybrid showing intermediate characteristics. Pink overlay color on white base, spotted pattern on labellum. Multiple flowers per spike.",sarcochilus_specimen_2.jpg,"['Base Color', 'Overlay Color', 'Color Overlay Pattern', 'Flower Count']",demo_generated,4,Demo data for SVO-Orchid Continuum integration,succulent,small_clustered,,epiphytic,,,,,,moderate,,,,6,,,,,,,,,,,,,,,,,,,,,,,,,,,,,,,{},S. Heidi,S. ceciliae
Zygopetalum,Zygopetalum intermedium,Species,Fragrant species with distinctive tessellated markings on sepals and petals. Labellum white with purple radiating lines. Strong fragrance present.,zygopetalum_specimen_1.jpg,"['Fragrance', 'Markings', 'Labellum (Lip)', 'Petals', 'Dorsal Sepal']",demo_generated,5,Demo data for SVO-Orchid Continuum integration,pleated,waxy_fragrant,,terrestrial,,,,,,filtered,,,,6,,,,,,,,,,,,,,,,,,,,,,,,,,,,,,,{},Species,
Zygopetalum,Zygopetalum Advance Australia,Z. crinitum × Z. maxillare,"Modern hybrid with improved flower count and longevity. Waxy texture throughout, balanced symmetry, excellent presentation on arching inflorescence.",zygopetalum_specimen_2.jpg,"['Flower Count', 'Longevity', 'Texture', 'Symmetry', 'Presentation']",demo_generated,5,Demo data for SVO-Orchid Continuum integration,pleated,waxy_fragrant,,terrestrial,,,,,,filtered,,,,6,,,,,,,,,,,,,,,,,,,,,,,,,,,,,,,{},Z. crinitum,Z. maxillare
