Subject,Verb,Object
sunset,valley,orchids
this,archive,contains
catalogs,showing,svo
s,past,species
and,hybrid,offerings
these,are,for
reference,only,and
do,not,list
plants,that,are
archives,like,this
can,be,great
resources,for,reviewing
s,previous,offerings
and,following,the
development,of,our
breeding,lines,and
please,review,current
listings,for,available
s,cattleya,catasetinae
paphs,zygopetalums,fall
spring,flask,list
s,summer,flask
species,zygopetalums,cattleya
flasks,catasetum,select
species,cattleyas,phrags
flasks,paphs,flasks
cattleyas,flasks,phrags
species,catasetum,divisions
divisions,dendrobiums,and
s,paphs,flasks
s,catasetum,flasks
cattleyas,compact,cattleyas
flares,and,splashes
zyg,catasetum,flasks
dendrobiums,flasks,cattleyas
paphs,catasetum,cattleyas
cattleyas,catasetum,divisions
catasetum,catasetum,flasks
sarcs,sarcochilus,catleya
cattleyas,paphs,cattleyas
catasetum,flasks,dendrobiums
australian,dendrobium,and
cattleyas,dendrobiums,cattleya
divisions,sarcochilus,catasetum
cattleyas,paphs,catasetum
2019,cattleyas,catasetum
2020,cattleyas,catasetum
2021,catasetum,cattleyas
2022,cattleyas,catasetums
2023,cattleyas,catasetums
cattleyas,june,catasetums
